"StartDate","EndDate","Status","IPAddress","Progress","Duration (in seconds)","Finished","RecordedDate","ResponseId","RecipientLastName","RecipientFirstName","RecipientEmail","ExternalReference","LocationLatitude","LocationLongitude","DistributionChannel","UserLanguage","Q1.2","phd","language","1_des.0","1_des.belief","1_des.conf_1","2_des.0","2_des.belief","2_des.conf_1","3_des.0","3_des.belief","3_des.conf_1","4_des.0","4_des.belief","4_des.conf_1","5_des.0","5_des.belief","5_des.conf_1","6_des.0","6_des.belief","6_des.conf_1","7_des.0","7_des.belief","7_des.conf_1","8_des.0","8_des.belief","8_des.conf_1","9_des.0","9_des.belief","9_des.conf_1","10_des.0","10_des.belief","10_des.conf_1","11_des.0","11_des.belief","11_des.conf_1","12_des.0","12_des.belief","12_des.conf_1","13_des.0","13_des.belief","13_des.conf_1","14_des.0","14_des.belief","14_des.conf_1","15_des.0","15_des.belief","15_des.conf_1","16_des.0","16_des.belief","16_des.conf_1","17_des.0","17_des.belief","17_des.conf_1","18_des.0","18_des.belief","18_des.conf_1","19_des.0","19_des.belief","19_des.conf_1","20_des.0","20_des.belief","20_des.conf_1","21_des.0","21_des.belief","21_des.conf_1","22_des.0","22_des.belief","22_des.conf_1","23_des.0","23_des.belief","23_des.conf_1","24_des.0","24_des.belief","24_des.conf_1","25_des.0","25_des.belief","25_des.conf_1","26_des.0","26_des.belief","26_des.conf_1","27_des.0","27_des.belief","27_des.conf_1","28_des.0","28_des.belief","28_des.conf_1","1_des.0NL","1_des.beliefNL","1_des.confNL_1","2_des.0NL","2_des.beliefNL","2_des.confNL_1","3_des.0NL","3_des.beliefNL","3_des.confNL_1","4_des.0NL","4_des.beliefNL","4_des.confNL_1","5_des.0NL","5_des.beliefNL","5_des.confNL_1","6_des.0NL","6_des.beliefNL","6_des.confNL_1","7_des.0NL","7_des.beliefNL","7_des.confNL_1","8_des.0NL","8_des.beliefNL","8_des.confNL_1","9_des.0NL","9_des.beliefNL","9_des.confNL_1","10_des.0NL","10_des.beliefNL","10_des.confNL_1","11_des.0NL","11_des.beliefNL","11_des.confNL_1","12_des.0NL","12_des.beliefNL","12_des.confNL_1","13_des.0NL","13_des.beliefNL","13_des.confNL_1","14_des.0NL","14_des.beliefNL","14_des.confNL_1","15_des.0NL","15_des.beliefNL","15_des.confNL_1","16_des.0NL","16_des.beliefNL","16_des.confNL_1","17_des.0NL","17_des.beliefNL","17_des.confNL_1","18_des.0NL","18_des.beliefNL","18_des.confNL_1","19_des.0NL","19_des.beliefNL","19_des.confNL_1","20_des.0NL","20_des.beliefNL","20_des.confNL_1","21_des.0NL","21_des.beliefNL","21_des.confNL_1","22_des.0NL","22_des.beliefNL","22_des.confNL_1","23_des.0NL","23_des.beliefNL","23_des.confNL_1","24_des.0NL","24_des.beliefNL","24_des.confNL_1","25_des.0NL","25_des.beliefNL","25_des.confNL_1","26_des.0NL","26_des.beliefNL","26_des.confNL_1","27_des.0NL","27_des.beliefNL","27_des.confNL_1","28_des.0NL","28_des.beliefNL","28_des.confNL_1","1_bf.0","1_bf.belief","1_bf.conf_1","2_bf.0","2_bf.belief","2_bf.conf_1","3_bf.0","3_bf.belief","3_bf.conf_1","4_bf.0","4_bf.belief","4_bf.conf_1","5_bf.0","5_bf.belief","5_bf.conf_1","6_bf.0","6_bf.belief","6_bf.conf_1","7_bf.0","7_bf.belief","7_bf.conf_1","8_bf.0","8_bf.belief","8_bf.conf_1","9_bf.0","9_bf.belief","9_bf.conf_1","10_bf.0","10_bf.belief","10_bf.conf_1","11_bf.0","11_bf.belief","11_bf.conf_1","12_bf.0","12_bf.belief","12_bf.conf_1","13_bf.0","13_bf.belief","13_bf.conf_1","14_bf.0","14_bf.belief","14_bf.conf_1","15_bf.0","15_bf.belief","15_bf.conf_1","16_bf.0","16_bf.belief","16_bf.conf_1","17_bf.0","17_bf.belief","17_bf.conf_1","18_bf.0","18_bf.belief","18_bf.conf_1","19_bf.0","19_bf.belief","19_bf.conf_1","20_bf.0","20_bf.belief","20_bf.conf_1","21_bf.0","21_bf.belief","21_bf.conf_1","22_bf.0","22_bf.belief","22_bf.conf_1","23_bf.0","23_bf.belief","23_bf.conf_1","24_bf.0","24_bf.belief","24_bf.conf_1","25_bf.0","25_bf.belief","25_bf.conf_1","26_bf.0","26_bf.belief","26_bf.conf_1","27_bf.0","27_bf.belief","27_bf.conf_1","28_bf.0","28_bf.belief","28_bf.conf_1","1_bf.0NL","1_bf.beliefNL","1_bf.confNL_1","2_bf.0NL","2_bf.beliefNL","2_bf.confNL_1","3_bf.0NL","3_bf.beliefNL","3_bf.confNL_1","4_bf.0NL","4_bf.beliefNL","4_bf.confNL_1","5_bf.0NL","5_bf.beliefNL","5_bf.confNL_1","6_bf.0NL","6_bf.beliefNL","6_bf.confNL_1","7_bf.0NL","7_bf.beliefNL","7_bf.confNL_1","8_bf.0NL","8_bf.beliefNL","8_bf.confNL_1","9_bf.0NL","9_bf.beliefNL","9_bf.confNL_1","10_bf.0NL","10_bf.beliefNL","10_bf.confNL_1","11_bf.0NL","11_bf.beliefNL","11_bf.confNL_1","12_bf.0NL","12_bf.beliefNL","12_bf.confNL_1","13_bf.0NL","13_bf.beliefNL","13_bf.confNL_1","14_bf.0NL","14_bf.beliefNL","14_bf.confNL_1","15_bf.0NL","15_bf.beliefNL","15_bf.confNL_1","16_bf.0NL","16_bf.beliefNL","16_bf.confNL_1","17_bf.0NL","17_bf.beliefNL","17_bf.confNL_1","18_bf.0NL","18_bf.beliefNL","18_bf.confNL_1","19_bf.0NL","19_bf.beliefNL","19_bf.confNL_1","20_bf.0NL","20_bf.beliefNL","20_bf.confNL_1","21_bf.0NL","21_bf.beliefNL","21_bf.confNL_1","22_bf.0NL","22_bf.beliefNL","22_bf.confNL_1","23_bf.0NL","23_bf.beliefNL","23_bf.confNL_1","24_bf.0NL","24_bf.beliefNL","24_bf.confNL_1","25_bf.0NL","25_bf.beliefNL","25_bf.confNL_1","26_bf.0NL","26_bf.beliefNL","26_bf.confNL_1","27_bf.0NL","27_bf.beliefNL","27_bf.confNL_1","28_bf.0NL","28_bf.beliefNL","28_bf.confNL_1","psych","knowledge","information","email","preorder","sequence","TotalScore","tid","userid","Conditie"
2019-04-03 19:05:23,2019-04-03 19:52:04,0,NA,100,2800,1,2019-04-03 19:52:06,NA,NA,NA,NA,NA,NA,NA,"anonymous","NL",1,2,2,NA,NA,NA,NA,NA,NA,NA,NA,NA,NA,NA,NA,NA,NA,NA,NA,NA,NA,NA,NA,NA,NA,NA,NA,NA,NA,NA,NA,NA,NA,NA,NA,NA,NA,NA,NA,NA,NA,NA,NA,NA,NA,NA,NA,NA,NA,NA,NA,NA,NA,NA,NA,NA,NA,NA,NA,NA,NA,NA,NA,NA,NA,NA,NA,NA,NA,NA,NA,NA,NA,NA,NA,NA,NA,NA,NA,NA,NA,NA,NA,NA,NA,NA,NA,NA,NA,NA,NA,NA,NA,NA,NA,NA,NA,NA,NA,NA,NA,NA,NA,NA,NA,NA,NA,NA,NA,NA,NA,NA,NA,NA,NA,NA,NA,NA,NA,NA,NA,NA,NA,NA,NA,NA,NA,NA,NA,NA,NA,NA,NA,NA,NA,NA,NA,NA,NA,NA,NA,NA,NA,NA,NA,NA,NA,NA,NA,NA,NA,NA,NA,NA,NA,NA,NA,NA,NA,NA,NA,NA,NA,NA,NA,NA,NA,NA,NA,NA,NA,NA,NA,NA,NA,NA,NA,NA,NA,NA,NA,NA,NA,NA,NA,NA,NA,NA,NA,NA,NA,NA,NA,NA,NA,NA,NA,NA,NA,NA,NA,NA,NA,NA,NA,NA,NA,NA,NA,NA,NA,NA,NA,NA,NA,NA,NA,NA,NA,NA,NA,NA,NA,NA,NA,NA,NA,NA,NA,NA,NA,NA,NA,NA,NA,NA,NA,NA,NA,NA,NA,NA,NA,NA,NA,NA,NA,NA,NA,NA,NA,NA,NA,NA,NA,NA,1,100,NA,1,60,NA,1,75,NA,2,40,NA,2,100,NA,1,79,NA,1,100,NA,1,50,NA,1,72,NA,2,11,NA,1,53,NA,1,51,NA,2,3,NA,1,61,NA,1,5,NA,2,6,NA,2,50,NA,1,15,NA,2,49,NA,2,3,1,2,0,NA,1,23,NA,1,69,NA,1,50,NA,1,59,NA,1,75,NA,1,15,NA,2,75,2,5,35,NA,"|1|2|3|4|5|6|7|8|9|10|11|12|13|13|13|14|15|16|17|18|19|20|21|22|23|24|25|26|27|28","|Aviezer2012|Balafoutas2012|Derex2013|Duncan2012|Gervais2012|Gneezy2014|Hauser2014|Bauer2012|Critcher2008|Karpicke2011|Anderson2012|Giessner2007|Risen2008|Risen2008|Risen2008|Shafir1993|Zaval2014|Tversky1978|Kidd2013|Shah2012|Zhong2006|Kovac2012|Lee2010|Morewedge2010|Nishi2015|Pyc2010|Sparrow2011|Wilson2014|Alter2007|Fakers2019",16,NA,NA,2
2019-04-04 14:48:21,2019-04-04 15:30:10,0,NA,100,2508,1,2019-04-04 15:30:10,NA,NA,NA,NA,NA,NA,NA,"anonymous","NL",1,2,2,NA,NA,NA,NA,NA,NA,NA,NA,NA,NA,NA,NA,NA,NA,NA,NA,NA,NA,NA,NA,NA,NA,NA,NA,NA,NA,NA,NA,NA,NA,NA,NA,NA,NA,NA,NA,NA,NA,NA,NA,NA,NA,NA,NA,NA,NA,NA,NA,NA,NA,NA,NA,NA,NA,NA,NA,NA,NA,NA,NA,NA,NA,NA,NA,NA,NA,NA,NA,NA,NA,NA,NA,NA,NA,NA,NA,NA,NA,NA,NA,NA,NA,NA,NA,NA,2,63,NA,2,100,NA,1,100,NA,1,51,NA,2,100,NA,2,100,NA,1,100,NA,1,100,NA,2,100,NA,1,100,NA,1,100,NA,2,100,NA,2,100,NA,1,100,NA,1,100,NA,1,61,NA,2,100,NA,2,100,NA,2,100,NA,1,100,NA,2,100,NA,1,100,NA,1,100,NA,1,100,NA,1,100,NA,2,100,NA,1,100,NA,2,75,NA,NA,NA,NA,NA,NA,NA,NA,NA,NA,NA,NA,NA,NA,NA,NA,NA,NA,NA,NA,NA,NA,NA,NA,NA,NA,NA,NA,NA,NA,NA,NA,NA,NA,NA,NA,NA,NA,NA,NA,NA,NA,NA,NA,NA,NA,NA,NA,NA,NA,NA,NA,NA,NA,NA,NA,NA,NA,NA,NA,NA,NA,NA,NA,NA,NA,NA,NA,NA,NA,NA,NA,NA,NA,NA,NA,NA,NA,NA,NA,NA,NA,NA,NA,NA,NA,NA,NA,NA,NA,NA,NA,NA,NA,NA,NA,NA,NA,NA,NA,NA,NA,NA,NA,NA,NA,NA,NA,NA,NA,NA,NA,NA,NA,NA,NA,NA,NA,NA,NA,NA,NA,NA,NA,NA,NA,NA,NA,NA,NA,NA,NA,NA,NA,NA,NA,NA,NA,NA,NA,NA,NA,NA,NA,NA,NA,NA,NA,NA,NA,NA,NA,NA,NA,NA,NA,NA,NA,NA,NA,NA,NA,NA,NA,NA,NA,NA,NA,2,5,245,NA,"|1|2|3|4|5|6|7|8|9|10|11|12|13|14|15|16|17|18|19|20|21|22|23|24|25|26|27|28","|Aviezer2012|Balafoutas2012|Derex2013|Duncan2012|Gervais2012|Gneezy2014|Hauser2014|Bauer2012|Critcher2008|Karpicke2011|Anderson2012|Giessner2007|Risen2008|Shafir1993|Zaval2014|Tversky1978|Kidd2013|Shah2012|Zhong2006|Kovac2012|Lee2010|Morewedge2010|Nishi2015|Pyc2010|Sparrow2011|Wilson2014|Alter2007|Fakers2019",17,NA,NA,1
2019-04-04 18:36:31,2019-04-04 19:06:58,0,NA,100,1827,1,2019-04-04 19:06:59,NA,NA,NA,NA,NA,NA,NA,"anonymous","NL",1,2,2,NA,NA,NA,NA,NA,NA,NA,NA,NA,NA,NA,NA,NA,NA,NA,NA,NA,NA,NA,NA,NA,NA,NA,NA,NA,NA,NA,NA,NA,NA,NA,NA,NA,NA,NA,NA,NA,NA,NA,NA,NA,NA,NA,NA,NA,NA,NA,NA,NA,NA,NA,NA,NA,NA,NA,NA,NA,NA,NA,NA,NA,NA,NA,NA,NA,NA,NA,NA,NA,NA,NA,NA,NA,NA,NA,NA,NA,NA,NA,NA,NA,NA,NA,NA,NA,1,75,1,2,75,NA,2,50,NA,1,100,NA,2,100,NA,1,100,NA,1,50,NA,1,50,NA,2,50,NA,2,50,NA,2,75,NA,2,50,NA,2,50,NA,2,75,NA,1,50,NA,2,75,NA,2,75,1,2,25,NA,2,100,NA,1,50,NA,2,100,NA,2,50,NA,2,50,NA,1,75,NA,2,50,NA,1,75,NA,1,100,NA,2,75,NA,NA,NA,NA,NA,NA,NA,NA,NA,NA,NA,NA,NA,NA,NA,NA,NA,NA,NA,NA,NA,NA,NA,NA,NA,NA,NA,NA,NA,NA,NA,NA,NA,NA,NA,NA,NA,NA,NA,NA,NA,NA,NA,NA,NA,NA,NA,NA,NA,NA,NA,NA,NA,NA,NA,NA,NA,NA,NA,NA,NA,NA,NA,NA,NA,NA,NA,NA,NA,NA,NA,NA,NA,NA,NA,NA,NA,NA,NA,NA,NA,NA,NA,NA,NA,NA,NA,NA,NA,NA,NA,NA,NA,NA,NA,NA,NA,NA,NA,NA,NA,NA,NA,NA,NA,NA,NA,NA,NA,NA,NA,NA,NA,NA,NA,NA,NA,NA,NA,NA,NA,NA,NA,NA,NA,NA,NA,NA,NA,NA,NA,NA,NA,NA,NA,NA,NA,NA,NA,NA,NA,NA,NA,NA,NA,NA,NA,NA,NA,NA,NA,NA,NA,NA,NA,NA,NA,NA,NA,NA,NA,NA,NA,NA,NA,NA,NA,NA,2,5,245,NA,"|1|2|3|4|5|6|7|8|9|10|11|12|13|14|15|16|17|18|19|20|21|22|23|24|25|26|27|28","|Aviezer2012|Balafoutas2012|Derex2013|Duncan2012|Gervais2012|Gneezy2014|Hauser2014|Bauer2012|Critcher2008|Karpicke2011|Anderson2012|Giessner2007|Risen2008|Shafir1993|Zaval2014|Tversky1978|Kidd2013|Shah2012|Zhong2006|Kovac2012|Lee2010|Morewedge2010|Nishi2015|Pyc2010|Sparrow2011|Wilson2014|Alter2007|Fakers2019",20,NA,NA,1
2019-04-06 15:12:34,2019-04-06 15:39:07,0,NA,100,1593,1,2019-04-06 15:39:07,NA,NA,NA,NA,NA,NA,NA,"anonymous","NL",1,2,2,NA,NA,NA,NA,NA,NA,NA,NA,NA,NA,NA,NA,NA,NA,NA,NA,NA,NA,NA,NA,NA,NA,NA,NA,NA,NA,NA,NA,NA,NA,NA,NA,NA,NA,NA,NA,NA,NA,NA,NA,NA,NA,NA,NA,NA,NA,NA,NA,NA,NA,NA,NA,NA,NA,NA,NA,NA,NA,NA,NA,NA,NA,NA,NA,NA,NA,NA,NA,NA,NA,NA,NA,NA,NA,NA,NA,NA,NA,NA,NA,NA,NA,NA,NA,NA,NA,NA,NA,NA,NA,NA,NA,NA,NA,NA,NA,NA,NA,NA,NA,NA,NA,NA,NA,NA,NA,NA,NA,NA,NA,NA,NA,NA,NA,NA,NA,NA,NA,NA,NA,NA,NA,NA,NA,NA,NA,NA,NA,NA,NA,NA,NA,NA,NA,NA,NA,NA,NA,NA,NA,NA,NA,NA,NA,NA,NA,NA,NA,NA,NA,NA,NA,NA,NA,NA,NA,NA,NA,NA,NA,NA,NA,NA,NA,NA,NA,NA,NA,NA,NA,NA,NA,NA,NA,NA,NA,NA,NA,NA,NA,NA,NA,NA,NA,NA,NA,NA,NA,NA,NA,NA,NA,NA,NA,NA,NA,NA,NA,NA,NA,NA,NA,NA,NA,NA,NA,NA,NA,NA,NA,NA,NA,NA,NA,NA,NA,NA,NA,NA,NA,NA,NA,NA,NA,NA,NA,NA,NA,NA,NA,NA,NA,NA,NA,NA,NA,NA,NA,NA,NA,NA,NA,NA,NA,NA,NA,NA,NA,NA,NA,NA,NA,NA,1,71,NA,1,37,NA,1,42,NA,1,55,NA,2,42,NA,1,62,NA,1,68,NA,1,68,NA,2,40,NA,1,40,1,1,56,NA,1,67,NA,2,32,NA,2,38,NA,2,72,NA,2,19,NA,2,52,NA,2,55,NA,2,29,NA,2,38,NA,2,77,NA,1,38,NA,2,38,NA,2,40,NA,1,50,NA,1,70,NA,2,64,NA,2,75,2,5,35,NA,"|3|18|25|16|10|27|11|21|2|9|8|1|23|14|6|22|17|19|12|15|5|28|7|13|24|4|26|20","|Derex2013|Shah2012|Sparrow2011|Tversky1978|Karpicke2011|Alter2007|Anderson2012|Lee2010|Balafoutas2012|Critcher2008|Bauer2012|Aviezer2012|Nishi2015|Shafir1993|Gneezy2014|Morewedge2010|Kidd2013|Zhong2006|Giessner2007|Zaval2014|Gervais2012|Fakers2019|Hauser2014|Risen2008|Pyc2010|Duncan2012|Wilson2014|Kovac2012",21,NA,NA,2
2019-04-06 15:40:00,2019-04-06 16:04:01,0,NA,100,1440,1,2019-04-06 16:04:01,NA,NA,NA,NA,NA,NA,NA,"anonymous","NL",1,2,2,NA,NA,NA,NA,NA,NA,NA,NA,NA,NA,NA,NA,NA,NA,NA,NA,NA,NA,NA,NA,NA,NA,NA,NA,NA,NA,NA,NA,NA,NA,NA,NA,NA,NA,NA,NA,NA,NA,NA,NA,NA,NA,NA,NA,NA,NA,NA,NA,NA,NA,NA,NA,NA,NA,NA,NA,NA,NA,NA,NA,NA,NA,NA,NA,NA,NA,NA,NA,NA,NA,NA,NA,NA,NA,NA,NA,NA,NA,NA,NA,NA,NA,NA,NA,NA,NA,NA,NA,NA,NA,NA,NA,NA,NA,NA,NA,NA,NA,NA,NA,NA,NA,NA,NA,NA,NA,NA,NA,NA,NA,NA,NA,NA,NA,NA,NA,NA,NA,NA,NA,NA,NA,NA,NA,NA,NA,NA,NA,NA,NA,NA,NA,NA,NA,NA,NA,NA,NA,NA,NA,NA,NA,NA,NA,NA,NA,NA,NA,NA,NA,NA,NA,NA,NA,NA,NA,NA,NA,NA,NA,NA,NA,NA,NA,NA,NA,NA,NA,NA,NA,NA,NA,NA,NA,NA,NA,NA,NA,NA,NA,NA,NA,NA,NA,NA,NA,NA,NA,NA,NA,NA,NA,NA,NA,NA,NA,NA,NA,NA,NA,NA,NA,NA,NA,NA,NA,NA,NA,NA,NA,NA,NA,NA,NA,NA,NA,NA,NA,NA,NA,NA,NA,NA,NA,NA,NA,NA,NA,NA,NA,NA,NA,NA,NA,NA,NA,NA,NA,NA,NA,NA,NA,NA,NA,NA,NA,NA,NA,NA,NA,NA,NA,NA,1,99,NA,1,99,NA,1,100,NA,1,50,NA,2,100,NA,1,99,NA,1,90,NA,1,75,NA,2,90,NA,1,80,NA,1,75,NA,1,10,NA,1,0,NA,2,0,NA,2,90,NA,2,50,NA,2,50,NA,2,85,NA,2,80,NA,2,75,NA,2,90,NA,1,25,NA,1,25,NA,1,10,NA,1,25,NA,1,100,NA,2,50,NA,2,75,2,5,35,NA,"|9|5|20|28|1|10|7|19|27|18|3|11|8|15|6|16|24|26|25|23|14|4|2|13|22|12|21|17","|Critcher2008|Gervais2012|Kovac2012|Fakers2019|Aviezer2012|Karpicke2011|Hauser2014|Zhong2006|Alter2007|Shah2012|Derex2013|Anderson2012|Bauer2012|Zaval2014|Gneezy2014|Tversky1978|Pyc2010|Wilson2014|Sparrow2011|Nishi2015|Shafir1993|Duncan2012|Balafoutas2012|Risen2008|Morewedge2010|Giessner2007|Lee2010|Kidd2013",24,NA,NA,2
2019-04-06 16:21:38,2019-04-06 16:49:00,0,NA,100,1642,1,2019-04-06 16:49:01,NA,NA,NA,NA,NA,NA,NA,"anonymous","NL",1,2,2,NA,NA,NA,NA,NA,NA,NA,NA,NA,NA,NA,NA,NA,NA,NA,NA,NA,NA,NA,NA,NA,NA,NA,NA,NA,NA,NA,NA,NA,NA,NA,NA,NA,NA,NA,NA,NA,NA,NA,NA,NA,NA,NA,NA,NA,NA,NA,NA,NA,NA,NA,NA,NA,NA,NA,NA,NA,NA,NA,NA,NA,NA,NA,NA,NA,NA,NA,NA,NA,NA,NA,NA,NA,NA,NA,NA,NA,NA,NA,NA,NA,NA,NA,NA,NA,1,75,NA,1,95,NA,2,51,NA,1,61,NA,2,72,NA,2,15,NA,1,69,NA,1,44,NA,1,70,NA,2,60,NA,1,31,NA,1,81,NA,2,79,NA,2,45,NA,2,69,NA,1,45,NA,1,59,NA,2,70,NA,2,25,NA,2,52,NA,2,21,NA,1,14,NA,1,57,NA,1,75,NA,2,7,NA,1,50,NA,1,49,NA,2,75,NA,NA,NA,NA,NA,NA,NA,NA,NA,NA,NA,NA,NA,NA,NA,NA,NA,NA,NA,NA,NA,NA,NA,NA,NA,NA,NA,NA,NA,NA,NA,NA,NA,NA,NA,NA,NA,NA,NA,NA,NA,NA,NA,NA,NA,NA,NA,NA,NA,NA,NA,NA,NA,NA,NA,NA,NA,NA,NA,NA,NA,NA,NA,NA,NA,NA,NA,NA,NA,NA,NA,NA,NA,NA,NA,NA,NA,NA,NA,NA,NA,NA,NA,NA,NA,NA,NA,NA,NA,NA,NA,NA,NA,NA,NA,NA,NA,NA,NA,NA,NA,NA,NA,NA,NA,NA,NA,NA,NA,NA,NA,NA,NA,NA,NA,NA,NA,NA,NA,NA,NA,NA,NA,NA,NA,NA,NA,NA,NA,NA,NA,NA,NA,NA,NA,NA,NA,NA,NA,NA,NA,NA,NA,NA,NA,NA,NA,NA,NA,NA,NA,NA,NA,NA,NA,NA,NA,NA,NA,NA,NA,NA,NA,NA,NA,NA,NA,NA,2,5,35,NA,"|1|2|3|4|5|6|7|8|9|10|11|12|13|14|15|16|17|18|19|20|21|22|23|24|25|26|27|28","|Aviezer2012|Balafoutas2012|Derex2013|Duncan2012|Gervais2012|Gneezy2014|Hauser2014|Bauer2012|Critcher2008|Karpicke2011|Anderson2012|Giessner2007|Risen2008|Shafir1993|Zaval2014|Tversky1978|Kidd2013|Shah2012|Zhong2006|Kovac2012|Lee2010|Morewedge2010|Nishi2015|Pyc2010|Sparrow2011|Wilson2014|Alter2007|Fakers2019",17,NA,NA,1
2019-04-07 20:50:08,2019-04-07 21:15:06,0,NA,100,1498,1,2019-04-07 21:15:06,NA,NA,NA,NA,NA,NA,NA,"anonymous","NL",1,2,2,NA,NA,NA,NA,NA,NA,NA,NA,NA,NA,NA,NA,NA,NA,NA,NA,NA,NA,NA,NA,NA,NA,NA,NA,NA,NA,NA,NA,NA,NA,NA,NA,NA,NA,NA,NA,NA,NA,NA,NA,NA,NA,NA,NA,NA,NA,NA,NA,NA,NA,NA,NA,NA,NA,NA,NA,NA,NA,NA,NA,NA,NA,NA,NA,NA,NA,NA,NA,NA,NA,NA,NA,NA,NA,NA,NA,NA,NA,NA,NA,NA,NA,NA,NA,NA,1,75,NA,2,50,NA,2,100,NA,1,75,NA,2,75,NA,1,100,NA,1,80,NA,1,68,NA,2,70,NA,2,50,NA,1,70,NA,1,71,NA,2,50,NA,1,78,NA,1,98,NA,2,49,NA,1,81,NA,1,76,NA,2,58,1,2,35,NA,2,75,NA,2,62,NA,1,90,NA,1,83,NA,2,68,NA,1,100,NA,2,71,NA,2,75,NA,NA,NA,NA,NA,NA,NA,NA,NA,NA,NA,NA,NA,NA,NA,NA,NA,NA,NA,NA,NA,NA,NA,NA,NA,NA,NA,NA,NA,NA,NA,NA,NA,NA,NA,NA,NA,NA,NA,NA,NA,NA,NA,NA,NA,NA,NA,NA,NA,NA,NA,NA,NA,NA,NA,NA,NA,NA,NA,NA,NA,NA,NA,NA,NA,NA,NA,NA,NA,NA,NA,NA,NA,NA,NA,NA,NA,NA,NA,NA,NA,NA,NA,NA,NA,NA,NA,NA,NA,NA,NA,NA,NA,NA,NA,NA,NA,NA,NA,NA,NA,NA,NA,NA,NA,NA,NA,NA,NA,NA,NA,NA,NA,NA,NA,NA,NA,NA,NA,NA,NA,NA,NA,NA,NA,NA,NA,NA,NA,NA,NA,NA,NA,NA,NA,NA,NA,NA,NA,NA,NA,NA,NA,NA,NA,NA,NA,NA,NA,NA,NA,NA,NA,NA,NA,NA,NA,NA,NA,NA,NA,NA,NA,NA,NA,NA,NA,NA,2,5,245,NA,"|1|2|3|4|5|6|7|8|9|10|11|12|13|14|15|16|17|18|19|20|21|22|23|24|25|26|27|28","|Aviezer2012|Balafoutas2012|Derex2013|Duncan2012|Gervais2012|Gneezy2014|Hauser2014|Bauer2012|Critcher2008|Karpicke2011|Anderson2012|Giessner2007|Risen2008|Shafir1993|Zaval2014|Tversky1978|Kidd2013|Shah2012|Zhong2006|Kovac2012|Lee2010|Morewedge2010|Nishi2015|Pyc2010|Sparrow2011|Wilson2014|Alter2007|Fakers2019",16,NA,NA,1
2019-04-08 09:49:21,2019-04-08 10:29:59,0,NA,100,2438,1,2019-04-08 10:30:00,NA,NA,NA,NA,NA,NA,NA,"anonymous","NL",1,2,2,NA,NA,NA,NA,NA,NA,NA,NA,NA,NA,NA,NA,NA,NA,NA,NA,NA,NA,NA,NA,NA,NA,NA,NA,NA,NA,NA,NA,NA,NA,NA,NA,NA,NA,NA,NA,NA,NA,NA,NA,NA,NA,NA,NA,NA,NA,NA,NA,NA,NA,NA,NA,NA,NA,NA,NA,NA,NA,NA,NA,NA,NA,NA,NA,NA,NA,NA,NA,NA,NA,NA,NA,NA,NA,NA,NA,NA,NA,NA,NA,NA,NA,NA,NA,NA,NA,NA,NA,NA,NA,NA,NA,NA,NA,NA,NA,NA,NA,NA,NA,NA,NA,NA,NA,NA,NA,NA,NA,NA,NA,NA,NA,NA,NA,NA,NA,NA,NA,NA,NA,NA,NA,NA,NA,NA,NA,NA,NA,NA,NA,NA,NA,NA,NA,NA,NA,NA,NA,NA,NA,NA,NA,NA,NA,NA,NA,NA,NA,NA,NA,NA,NA,NA,NA,NA,NA,NA,NA,NA,NA,NA,NA,NA,NA,NA,NA,NA,NA,NA,NA,NA,NA,NA,NA,NA,NA,NA,NA,NA,NA,NA,NA,NA,NA,NA,NA,NA,NA,NA,NA,NA,NA,NA,NA,NA,NA,NA,NA,NA,NA,NA,NA,NA,NA,NA,NA,NA,NA,NA,NA,NA,NA,NA,NA,NA,NA,NA,NA,NA,NA,NA,NA,NA,NA,NA,NA,NA,NA,NA,NA,NA,NA,NA,NA,NA,NA,NA,NA,NA,NA,NA,NA,NA,NA,NA,NA,NA,NA,NA,NA,NA,NA,NA,1,50,NA,1,56,NA,1,64,NA,1,54,NA,2,72,NA,1,66,NA,1,79,NA,1,72,NA,1,51,NA,1,80,NA,1,73,NA,1,74,NA,1,72,NA,1,72,NA,1,67,NA,1,50,NA,1,62,NA,1,50,NA,1,65,NA,1,50,1,1,52,NA,1,61,NA,1,53,NA,1,73,NA,1,53,NA,1,87,NA,1,74,NA,2,75,1,5,3,NA,"|6|16|1|5|14|25|26|28|18|12|15|3|23|20|10|22|21|9|19|7|8|24|13|4|27|2|17|11","|Gneezy2014|Tversky1978|Aviezer2012|Gervais2012|Shafir1993|Sparrow2011|Wilson2014|Fakers2019|Shah2012|Giessner2007|Zaval2014|Derex2013|Nishi2015|Kovac2012|Karpicke2011|Morewedge2010|Lee2010|Critcher2008|Zhong2006|Hauser2014|Bauer2012|Pyc2010|Risen2008|Duncan2012|Alter2007|Balafoutas2012|Kidd2013|Anderson2012",16,NA,NA,2
2019-04-09 12:39:20,2019-04-09 13:25:48,0,NA,100,2787,1,2019-04-09 13:25:49,NA,NA,NA,NA,NA,NA,NA,"anonymous","NL",1,2,2,NA,NA,NA,NA,NA,NA,NA,NA,NA,NA,NA,NA,NA,NA,NA,NA,NA,NA,NA,NA,NA,NA,NA,NA,NA,NA,NA,NA,NA,NA,NA,NA,NA,NA,NA,NA,NA,NA,NA,NA,NA,NA,NA,NA,NA,NA,NA,NA,NA,NA,NA,NA,NA,NA,NA,NA,NA,NA,NA,NA,NA,NA,NA,NA,NA,NA,NA,NA,NA,NA,NA,NA,NA,NA,NA,NA,NA,NA,NA,NA,NA,NA,NA,NA,NA,NA,NA,NA,NA,NA,NA,NA,NA,NA,NA,NA,NA,NA,NA,NA,NA,NA,NA,NA,NA,NA,NA,NA,NA,NA,NA,NA,NA,NA,NA,NA,NA,NA,NA,NA,NA,NA,NA,NA,NA,NA,NA,NA,NA,NA,NA,NA,NA,NA,NA,NA,NA,NA,NA,NA,NA,NA,NA,NA,NA,NA,NA,NA,NA,NA,NA,NA,NA,NA,NA,NA,NA,NA,NA,NA,NA,NA,NA,NA,NA,NA,NA,NA,NA,NA,NA,NA,NA,NA,NA,NA,NA,NA,NA,NA,NA,NA,NA,NA,NA,NA,NA,NA,NA,NA,NA,NA,NA,NA,NA,NA,NA,NA,NA,NA,NA,NA,NA,NA,NA,NA,NA,NA,NA,NA,NA,NA,NA,NA,NA,NA,NA,NA,NA,NA,NA,NA,NA,NA,NA,NA,NA,NA,NA,NA,NA,NA,NA,NA,NA,NA,NA,NA,NA,NA,NA,NA,NA,NA,NA,NA,NA,NA,NA,NA,NA,NA,NA,1,62,NA,1,49,NA,1,74,NA,1,50,NA,2,94,1,1,1,NA,1,75,NA,1,80,NA,1,79,NA,2,81,NA,1,64,NA,1,63,NA,1,64,NA,2,49,NA,2,56,NA,2,29,NA,2,67,NA,2,50,NA,2,72,NA,1,71,NA,2,89,NA,2,70,NA,1,49,NA,1,49,NA,2,50,NA,1,96,NA,2,25,NA,2,75,1,5,245,NA,"|8|28|7|18|11|5|1|6|19|17|21|26|10|2|15|9|16|14|13|20|24|12|3|22|23|25|27|4","|Bauer2012|Fakers2019|Hauser2014|Shah2012|Anderson2012|Gervais2012|Aviezer2012|Gneezy2014|Zhong2006|Kidd2013|Lee2010|Wilson2014|Karpicke2011|Balafoutas2012|Zaval2014|Critcher2008|Tversky1978|Shafir1993|Risen2008|Kovac2012|Pyc2010|Giessner2007|Derex2013|Morewedge2010|Nishi2015|Sparrow2011|Alter2007|Duncan2012",23,NA,NA,2
2019-04-09 13:14:48,2019-04-09 13:57:09,0,NA,100,2541,1,2019-04-09 13:57:09,NA,NA,NA,NA,NA,NA,NA,"anonymous","NL",1,2,2,NA,NA,NA,NA,NA,NA,NA,NA,NA,NA,NA,NA,NA,NA,NA,NA,NA,NA,NA,NA,NA,NA,NA,NA,NA,NA,NA,NA,NA,NA,NA,NA,NA,NA,NA,NA,NA,NA,NA,NA,NA,NA,NA,NA,NA,NA,NA,NA,NA,NA,NA,NA,NA,NA,NA,NA,NA,NA,NA,NA,NA,NA,NA,NA,NA,NA,NA,NA,NA,NA,NA,NA,NA,NA,NA,NA,NA,NA,NA,NA,NA,NA,NA,NA,NA,1,50,NA,2,69,NA,2,80,NA,2,50,NA,2,50,NA,1,54,NA,1,50,NA,2,48,NA,1,48,NA,2,51,NA,2,57,NA,1,48,NA,2,38,NA,2,66,NA,1,60,NA,2,74,NA,2,55,NA,2,82,NA,2,92,NA,2,54,NA,2,83,NA,1,46,NA,2,62,NA,1,42,NA,2,51,NA,2,81,NA,2,42,NA,2,75,NA,NA,NA,NA,NA,NA,NA,NA,NA,NA,NA,NA,NA,NA,NA,NA,NA,NA,NA,NA,NA,NA,NA,NA,NA,NA,NA,NA,NA,NA,NA,NA,NA,NA,NA,NA,NA,NA,NA,NA,NA,NA,NA,NA,NA,NA,NA,NA,NA,NA,NA,NA,NA,NA,NA,NA,NA,NA,NA,NA,NA,NA,NA,NA,NA,NA,NA,NA,NA,NA,NA,NA,NA,NA,NA,NA,NA,NA,NA,NA,NA,NA,NA,NA,NA,NA,NA,NA,NA,NA,NA,NA,NA,NA,NA,NA,NA,NA,NA,NA,NA,NA,NA,NA,NA,NA,NA,NA,NA,NA,NA,NA,NA,NA,NA,NA,NA,NA,NA,NA,NA,NA,NA,NA,NA,NA,NA,NA,NA,NA,NA,NA,NA,NA,NA,NA,NA,NA,NA,NA,NA,NA,NA,NA,NA,NA,NA,NA,NA,NA,NA,NA,NA,NA,NA,NA,NA,NA,NA,NA,NA,NA,NA,NA,NA,NA,NA,NA,2,5,245,NA,"|1|2|3|4|5|6|7|8|9|10|11|12|13|14|15|16|17|18|19|20|21|22|23|24|25|26|27|28","|Aviezer2012|Balafoutas2012|Derex2013|Duncan2012|Gervais2012|Gneezy2014|Hauser2014|Bauer2012|Critcher2008|Karpicke2011|Anderson2012|Giessner2007|Risen2008|Shafir1993|Zaval2014|Tversky1978|Kidd2013|Shah2012|Zhong2006|Kovac2012|Lee2010|Morewedge2010|Nishi2015|Pyc2010|Sparrow2011|Wilson2014|Alter2007|Fakers2019",16,NA,NA,1
2019-04-09 14:26:40,2019-04-09 15:47:51,0,NA,100,4871,1,2019-04-09 15:47:52,NA,NA,NA,NA,NA,NA,NA,"anonymous","EN",1,2,1,NA,NA,NA,NA,NA,NA,NA,NA,NA,NA,NA,NA,NA,NA,NA,NA,NA,NA,NA,NA,NA,NA,NA,NA,NA,NA,NA,NA,NA,NA,NA,NA,NA,NA,NA,NA,NA,NA,NA,NA,NA,NA,NA,NA,NA,NA,NA,NA,NA,NA,NA,NA,NA,NA,NA,NA,NA,NA,NA,NA,NA,NA,NA,NA,NA,NA,NA,NA,NA,NA,NA,NA,NA,NA,NA,NA,NA,NA,NA,NA,NA,NA,NA,NA,NA,NA,NA,NA,NA,NA,NA,NA,NA,NA,NA,NA,NA,NA,NA,NA,NA,NA,NA,NA,NA,NA,NA,NA,NA,NA,NA,NA,NA,NA,NA,NA,NA,NA,NA,NA,NA,NA,NA,NA,NA,NA,NA,NA,NA,NA,NA,NA,NA,NA,NA,NA,NA,NA,NA,NA,NA,NA,NA,NA,NA,NA,NA,NA,NA,NA,NA,NA,NA,NA,NA,NA,NA,NA,NA,NA,NA,NA,NA,NA,NA,NA,NA,NA,NA,1,100,NA,2,16,NA,1,84,NA,2,9,NA,2,50,NA,2,20,NA,1,95,NA,1,71,NA,2,90,NA,1,70,NA,1,60,NA,1,51,NA,1,55,NA,2,36,NA,2,44,NA,1,35,NA,1,60,NA,2,64,NA,2,30,NA,1,52,NA,2,19,NA,2,35,NA,2,50,NA,1,50,NA,2,26,NA,1,87,NA,2,45,NA,2,75,NA,NA,NA,NA,NA,NA,NA,NA,NA,NA,NA,NA,NA,NA,NA,NA,NA,NA,NA,NA,NA,NA,NA,NA,NA,NA,NA,NA,NA,NA,NA,NA,NA,NA,NA,NA,NA,NA,NA,NA,NA,NA,NA,NA,NA,NA,NA,NA,NA,NA,NA,NA,NA,NA,NA,NA,NA,NA,NA,NA,NA,NA,NA,NA,NA,NA,NA,NA,NA,NA,NA,NA,NA,NA,NA,NA,NA,NA,NA,NA,NA,NA,NA,NA,2,5,2,NA,"|17|10|10|10|28|23|19|11|9|7|5|6|14|3|21|8|2|18|25|15|20|1|4|24|27|12|22|13|16|26","|Kidd2013|Karpicke2011|Karpicke2011|Karpicke2011|Fakers2019|Nishi2015|Zhong2006|Anderson2012|Critcher2008|Hauser2014|Gervais2012|Gneezy2014|Shafir1993|Derex2013|Lee2010|Bauer2012|Balafoutas2012|Shah2012|Sparrow2011|Zaval2014|Kovac2012|Aviezer2012|Duncan2012|Pyc2010|Alter2007|Giessner2007|Morewedge2010|Risen2008|Tversky1978|Wilson2014",19,NA,NA,2
2019-04-09 16:44:41,2019-04-09 17:04:49,0,NA,100,1208,1,2019-04-09 17:04:50,NA,NA,NA,NA,NA,NA,NA,"anonymous","NL",1,2,2,NA,NA,NA,NA,NA,NA,NA,NA,NA,NA,NA,NA,NA,NA,NA,NA,NA,NA,NA,NA,NA,NA,NA,NA,NA,NA,NA,NA,NA,NA,NA,NA,NA,NA,NA,NA,NA,NA,NA,NA,NA,NA,NA,NA,NA,NA,NA,NA,NA,NA,NA,NA,NA,NA,NA,NA,NA,NA,NA,NA,NA,NA,NA,NA,NA,NA,NA,NA,NA,NA,NA,NA,NA,NA,NA,NA,NA,NA,NA,NA,NA,NA,NA,NA,NA,1,75,NA,1,53,NA,2,50,NA,2,55,NA,2,61,NA,1,86,NA,1,82,NA,2,50,NA,1,61,NA,1,54,NA,1,57,NA,1,62,NA,1,60,NA,1,62,NA,1,38,NA,2,37,NA,2,53,NA,2,49,NA,2,42,NA,1,50,NA,2,37,NA,1,53,NA,2,53,NA,1,68,NA,1,61,NA,1,72,NA,2,55,NA,2,75,NA,NA,NA,NA,NA,NA,NA,NA,NA,NA,NA,NA,NA,NA,NA,NA,NA,NA,NA,NA,NA,NA,NA,NA,NA,NA,NA,NA,NA,NA,NA,NA,NA,NA,NA,NA,NA,NA,NA,NA,NA,NA,NA,NA,NA,NA,NA,NA,NA,NA,NA,NA,NA,NA,NA,NA,NA,NA,NA,NA,NA,NA,NA,NA,NA,NA,NA,NA,NA,NA,NA,NA,NA,NA,NA,NA,NA,NA,NA,NA,NA,NA,NA,NA,NA,NA,NA,NA,NA,NA,NA,NA,NA,NA,NA,NA,NA,NA,NA,NA,NA,NA,NA,NA,NA,NA,NA,NA,NA,NA,NA,NA,NA,NA,NA,NA,NA,NA,NA,NA,NA,NA,NA,NA,NA,NA,NA,NA,NA,NA,NA,NA,NA,NA,NA,NA,NA,NA,NA,NA,NA,NA,NA,NA,NA,NA,NA,NA,NA,NA,NA,NA,NA,NA,NA,NA,NA,NA,NA,NA,NA,NA,NA,NA,NA,NA,NA,NA,2,5,45,NA,"|1|2|3|4|5|6|7|8|9|10|11|12|13|14|15|16|17|18|19|20|21|22|23|24|25|26|27|28","|Aviezer2012|Balafoutas2012|Derex2013|Duncan2012|Gervais2012|Gneezy2014|Hauser2014|Bauer2012|Critcher2008|Karpicke2011|Anderson2012|Giessner2007|Risen2008|Shafir1993|Zaval2014|Tversky1978|Kidd2013|Shah2012|Zhong2006|Kovac2012|Lee2010|Morewedge2010|Nishi2015|Pyc2010|Sparrow2011|Wilson2014|Alter2007|Fakers2019",18,NA,NA,1
2019-04-09 21:36:03,2019-04-09 21:59:09,0,NA,100,1385,1,2019-04-09 21:59:09,NA,NA,NA,NA,NA,NA,NA,"anonymous","NL",1,2,2,NA,NA,NA,NA,NA,NA,NA,NA,NA,NA,NA,NA,NA,NA,NA,NA,NA,NA,NA,NA,NA,NA,NA,NA,NA,NA,NA,NA,NA,NA,NA,NA,NA,NA,NA,NA,NA,NA,NA,NA,NA,NA,NA,NA,NA,NA,NA,NA,NA,NA,NA,NA,NA,NA,NA,NA,NA,NA,NA,NA,NA,NA,NA,NA,NA,NA,NA,NA,NA,NA,NA,NA,NA,NA,NA,NA,NA,NA,NA,NA,NA,NA,NA,NA,NA,1,99,NA,1,53,NA,1,71,NA,1,23,NA,2,76,NA,1,63,NA,1,51,NA,2,16,NA,1,67,NA,2,74,NA,1,47,NA,1,74,NA,1,69,NA,1,49,NA,2,24,NA,2,50,NA,2,94,NA,2,33,NA,1,53,NA,1,53,NA,2,81,NA,2,50,NA,1,100,NA,1,69,NA,2,11,NA,1,93,NA,2,40,NA,1,100,NA,NA,NA,NA,NA,NA,NA,NA,NA,NA,NA,NA,NA,NA,NA,NA,NA,NA,NA,NA,NA,NA,NA,NA,NA,NA,NA,NA,NA,NA,NA,NA,NA,NA,NA,NA,NA,NA,NA,NA,NA,NA,NA,NA,NA,NA,NA,NA,NA,NA,NA,NA,NA,NA,NA,NA,NA,NA,NA,NA,NA,NA,NA,NA,NA,NA,NA,NA,NA,NA,NA,NA,NA,NA,NA,NA,NA,NA,NA,NA,NA,NA,NA,NA,NA,NA,NA,NA,NA,NA,NA,NA,NA,NA,NA,NA,NA,NA,NA,NA,NA,NA,NA,NA,NA,NA,NA,NA,NA,NA,NA,NA,NA,NA,NA,NA,NA,NA,NA,NA,NA,NA,NA,NA,NA,NA,NA,NA,NA,NA,NA,NA,NA,NA,NA,NA,NA,NA,NA,NA,NA,NA,NA,NA,NA,NA,NA,NA,NA,NA,NA,NA,NA,NA,NA,NA,NA,NA,NA,NA,NA,NA,NA,NA,NA,NA,NA,NA,2,5,3,NA,"|1|2|3|4|5|6|7|8|9|10|11|12|13|14|15|16|17|18|19|20|21|22|23|24|25|26|27|28","|Aviezer2012|Balafoutas2012|Derex2013|Duncan2012|Gervais2012|Gneezy2014|Hauser2014|Bauer2012|Critcher2008|Karpicke2011|Anderson2012|Giessner2007|Risen2008|Shafir1993|Zaval2014|Tversky1978|Kidd2013|Shah2012|Zhong2006|Kovac2012|Lee2010|Morewedge2010|Nishi2015|Pyc2010|Sparrow2011|Wilson2014|Alter2007|Fakers2019",19,NA,NA,1
2019-04-10 10:55:35,2019-04-10 11:28:55,0,NA,100,1999,1,2019-04-10 11:28:55,NA,NA,NA,NA,NA,NA,NA,"anonymous","NL",1,2,2,NA,NA,NA,NA,NA,NA,NA,NA,NA,NA,NA,NA,NA,NA,NA,NA,NA,NA,NA,NA,NA,NA,NA,NA,NA,NA,NA,NA,NA,NA,NA,NA,NA,NA,NA,NA,NA,NA,NA,NA,NA,NA,NA,NA,NA,NA,NA,NA,NA,NA,NA,NA,NA,NA,NA,NA,NA,NA,NA,NA,NA,NA,NA,NA,NA,NA,NA,NA,NA,NA,NA,NA,NA,NA,NA,NA,NA,NA,NA,NA,NA,NA,NA,NA,NA,1,85,NA,2,80,NA,1,50,NA,1,66,NA,2,85,NA,1,86,NA,2,50,NA,2,86,NA,1,53,NA,1,75,NA,1,50,NA,1,75,NA,1,68,NA,2,50,NA,2,37,NA,2,57,NA,2,35,NA,2,77,NA,2,69,NA,2,5,NA,2,15,NA,1,60,NA,1,25,NA,1,85,NA,2,66,NA,1,50,NA,1,76,NA,2,75,NA,NA,NA,NA,NA,NA,NA,NA,NA,NA,NA,NA,NA,NA,NA,NA,NA,NA,NA,NA,NA,NA,NA,NA,NA,NA,NA,NA,NA,NA,NA,NA,NA,NA,NA,NA,NA,NA,NA,NA,NA,NA,NA,NA,NA,NA,NA,NA,NA,NA,NA,NA,NA,NA,NA,NA,NA,NA,NA,NA,NA,NA,NA,NA,NA,NA,NA,NA,NA,NA,NA,NA,NA,NA,NA,NA,NA,NA,NA,NA,NA,NA,NA,NA,NA,NA,NA,NA,NA,NA,NA,NA,NA,NA,NA,NA,NA,NA,NA,NA,NA,NA,NA,NA,NA,NA,NA,NA,NA,NA,NA,NA,NA,NA,NA,NA,NA,NA,NA,NA,NA,NA,NA,NA,NA,NA,NA,NA,NA,NA,NA,NA,NA,NA,NA,NA,NA,NA,NA,NA,NA,NA,NA,NA,NA,NA,NA,NA,NA,NA,NA,NA,NA,NA,NA,NA,NA,NA,NA,NA,NA,NA,NA,NA,NA,NA,NA,NA,2,5,245,NA,"|1|2|3|4|5|6|7|8|9|10|11|12|13|14|15|16|17|18|19|20|21|22|23|24|25|26|27|28","|Aviezer2012|Balafoutas2012|Derex2013|Duncan2012|Gervais2012|Gneezy2014|Hauser2014|Bauer2012|Critcher2008|Karpicke2011|Anderson2012|Giessner2007|Risen2008|Shafir1993|Zaval2014|Tversky1978|Kidd2013|Shah2012|Zhong2006|Kovac2012|Lee2010|Morewedge2010|Nishi2015|Pyc2010|Sparrow2011|Wilson2014|Alter2007|Fakers2019",20,NA,NA,1
2019-04-10 12:08:12,2019-04-10 12:35:44,0,NA,100,1651,1,2019-04-10 12:35:44,NA,NA,NA,NA,NA,NA,NA,"anonymous","EN",1,2,2,NA,NA,NA,NA,NA,NA,NA,NA,NA,NA,NA,NA,NA,NA,NA,NA,NA,NA,NA,NA,NA,NA,NA,NA,NA,NA,NA,NA,NA,NA,NA,NA,NA,NA,NA,NA,NA,NA,NA,NA,NA,NA,NA,NA,NA,NA,NA,NA,NA,NA,NA,NA,NA,NA,NA,NA,NA,NA,NA,NA,NA,NA,NA,NA,NA,NA,NA,NA,NA,NA,NA,NA,NA,NA,NA,NA,NA,NA,NA,NA,NA,NA,NA,NA,NA,1,100,NA,1,81,NA,1,84,NA,1,76,NA,2,55,NA,1,100,NA,1,100,NA,1,73,NA,1,50,NA,1,25,NA,1,82,NA,1,100,NA,1,100,NA,2,35,NA,1,78,NA,1,88,NA,1,84,NA,2,47,NA,1,64,NA,1,84,1,2,49,NA,1,98,NA,2,93,NA,1,90,NA,1,26,NA,1,39,NA,1,68,NA,2,75,NA,NA,NA,NA,NA,NA,NA,NA,NA,NA,NA,NA,NA,NA,NA,NA,NA,NA,NA,NA,NA,NA,NA,NA,NA,NA,NA,NA,NA,NA,NA,NA,NA,NA,NA,NA,NA,NA,NA,NA,NA,NA,NA,NA,NA,NA,NA,NA,NA,NA,NA,NA,NA,NA,NA,NA,NA,NA,NA,NA,NA,NA,NA,NA,NA,NA,NA,NA,NA,NA,NA,NA,NA,NA,NA,NA,NA,NA,NA,NA,NA,NA,NA,NA,NA,NA,NA,NA,NA,NA,NA,NA,NA,NA,NA,NA,NA,NA,NA,NA,NA,NA,NA,NA,NA,NA,NA,NA,NA,NA,NA,NA,NA,NA,NA,NA,NA,NA,NA,NA,NA,NA,NA,NA,NA,NA,NA,NA,NA,NA,NA,NA,NA,NA,NA,NA,NA,NA,NA,NA,NA,NA,NA,NA,NA,NA,NA,NA,NA,NA,NA,NA,NA,NA,NA,NA,NA,NA,NA,NA,NA,NA,NA,NA,NA,NA,NA,NA,2,5,245,NA,"|1|2|3|4|5|6|7|8|9|10|11|12|13|14|15|16|17|18|19|20|21|22|23|24|25|26|27|28","|Aviezer2012|Balafoutas2012|Derex2013|Duncan2012|Gervais2012|Gneezy2014|Hauser2014|Bauer2012|Critcher2008|Karpicke2011|Anderson2012|Giessner2007|Risen2008|Shafir1993|Zaval2014|Tversky1978|Kidd2013|Shah2012|Zhong2006|Kovac2012|Lee2010|Morewedge2010|Nishi2015|Pyc2010|Sparrow2011|Wilson2014|Alter2007|Fakers2019",18,NA,NA,1
2019-04-10 11:54:13,2019-04-10 15:39:07,0,NA,100,13494,1,2019-04-10 15:39:08,NA,NA,NA,NA,NA,NA,NA,"anonymous","EN",1,2,2,NA,NA,NA,NA,NA,NA,NA,NA,NA,NA,NA,NA,NA,NA,NA,NA,NA,NA,NA,NA,NA,NA,NA,NA,NA,NA,NA,NA,NA,NA,NA,NA,NA,NA,NA,NA,NA,NA,NA,NA,NA,NA,NA,NA,NA,NA,NA,NA,NA,NA,NA,NA,NA,NA,NA,NA,NA,NA,NA,NA,NA,NA,NA,NA,NA,NA,NA,NA,NA,NA,NA,NA,NA,NA,NA,NA,NA,NA,NA,NA,NA,NA,NA,NA,NA,NA,NA,NA,NA,NA,NA,NA,NA,NA,NA,NA,NA,NA,NA,NA,NA,NA,NA,NA,NA,NA,NA,NA,NA,NA,NA,NA,NA,NA,NA,NA,NA,NA,NA,NA,NA,NA,NA,NA,NA,NA,NA,NA,NA,NA,NA,NA,NA,NA,NA,NA,NA,NA,NA,NA,NA,NA,NA,NA,NA,NA,NA,NA,NA,NA,NA,NA,NA,NA,NA,NA,NA,NA,NA,NA,NA,NA,NA,NA,NA,NA,NA,NA,NA,NA,NA,NA,NA,NA,NA,NA,NA,NA,NA,NA,NA,NA,NA,NA,NA,NA,NA,NA,NA,NA,NA,NA,NA,NA,NA,NA,NA,NA,NA,NA,NA,NA,NA,NA,NA,NA,NA,NA,NA,NA,NA,NA,NA,NA,NA,NA,NA,NA,NA,NA,NA,NA,NA,NA,NA,NA,NA,NA,NA,NA,NA,NA,NA,NA,NA,NA,NA,NA,NA,NA,NA,NA,NA,NA,NA,NA,NA,NA,NA,NA,NA,NA,NA,1,71,NA,2,100,1,1,68,NA,1,73,1,2,100,NA,1,90,NA,1,93,1,1,87,1,2,81,NA,1,99,NA,1,79,NA,2,100,NA,1,69,NA,1,44,1,2,52,NA,2,80,NA,2,73,1,2,74,NA,2,100,NA,2,78,NA,1,64,1,1,88,1,2,100,NA,2,69,NA,2,37,1,2,100,1,2,89,NA,2,100,2,5,3,NA,"|26|23|23|15|21|22|3|25|9|27|19|18|14|5|5|4|1|13|20|28|10|12|7|6|8|11|17|24|16|2","|Wilson2014|Nishi2015|Nishi2015|Zaval2014|Lee2010|Morewedge2010|Derex2013|Sparrow2011|Critcher2008|Alter2007|Zhong2006|Shah2012|Shafir1993|Gervais2012|Gervais2012|Duncan2012|Aviezer2012|Risen2008|Kovac2012|Fakers2019|Karpicke2011|Giessner2007|Hauser2014|Gneezy2014|Bauer2012|Anderson2012|Kidd2013|Pyc2010|Tversky1978|Balafoutas2012",20,NA,NA,2
2019-04-06 13:40:36,2019-04-06 13:43:58,0,NA,37,201,0,2019-04-13 13:44:08,NA,NA,NA,NA,NA,NA,NA,"anonymous","NL",1,2,2,NA,NA,NA,NA,NA,NA,NA,NA,NA,NA,NA,NA,NA,NA,NA,NA,NA,NA,NA,NA,NA,NA,NA,NA,NA,NA,NA,NA,NA,NA,NA,NA,NA,NA,NA,NA,NA,NA,NA,NA,NA,NA,NA,NA,NA,NA,NA,NA,NA,NA,NA,NA,NA,NA,NA,NA,NA,NA,NA,NA,NA,NA,NA,NA,NA,NA,NA,NA,NA,NA,NA,NA,NA,NA,NA,NA,NA,NA,NA,NA,NA,NA,NA,NA,NA,NA,NA,NA,NA,NA,NA,NA,NA,NA,NA,NA,NA,NA,NA,NA,NA,NA,NA,NA,NA,NA,NA,NA,NA,NA,NA,NA,NA,NA,NA,NA,NA,NA,NA,NA,NA,NA,NA,NA,NA,NA,NA,NA,NA,NA,NA,NA,NA,NA,NA,NA,NA,NA,NA,NA,NA,NA,NA,NA,NA,NA,NA,NA,NA,NA,NA,NA,NA,NA,NA,NA,NA,NA,NA,NA,NA,NA,NA,NA,NA,NA,NA,NA,NA,NA,NA,NA,NA,NA,NA,NA,NA,NA,NA,NA,NA,NA,NA,NA,NA,NA,NA,NA,NA,NA,NA,NA,NA,NA,NA,NA,NA,NA,NA,NA,NA,NA,NA,NA,NA,NA,NA,NA,NA,NA,NA,NA,NA,NA,NA,NA,NA,NA,NA,NA,NA,NA,NA,NA,NA,NA,NA,NA,NA,NA,NA,NA,NA,NA,NA,NA,NA,NA,NA,NA,NA,NA,NA,NA,NA,NA,NA,NA,NA,NA,NA,NA,NA,NA,NA,NA,NA,NA,NA,NA,NA,NA,NA,NA,NA,NA,NA,NA,NA,NA,NA,NA,NA,NA,NA,NA,NA,NA,NA,NA,NA,NA,NA,NA,NA,NA,NA,NA,NA,NA,NA,NA,NA,NA,NA,NA,NA,NA,NA,NA,NA,NA,NA,NA,NA,NA,NA,NA,NA,NA,NA,NA,NA,NA,NA,NA,NA,NA,NA,NA,NA,NA,NA,NA,NA,NA,NA,NA,NA,NA,NA,NA,NA,NA,NA,NA,NA,NA,NA,NA,"|1","|Aviezer2012",0,NA,NA,1
2019-04-15 14:53:44,2019-04-15 15:19:59,0,NA,100,1574,1,2019-04-15 15:19:59,NA,NA,NA,NA,NA,NA,NA,"anonymous","NL",1,2,2,NA,NA,NA,NA,NA,NA,NA,NA,NA,NA,NA,NA,NA,NA,NA,NA,NA,NA,NA,NA,NA,NA,NA,NA,NA,NA,NA,NA,NA,NA,NA,NA,NA,NA,NA,NA,NA,NA,NA,NA,NA,NA,NA,NA,NA,NA,NA,NA,NA,NA,NA,NA,NA,NA,NA,NA,NA,NA,NA,NA,NA,NA,NA,NA,NA,NA,NA,NA,NA,NA,NA,NA,NA,NA,NA,NA,NA,NA,NA,NA,NA,NA,NA,NA,NA,NA,NA,NA,NA,NA,NA,NA,NA,NA,NA,NA,NA,NA,NA,NA,NA,NA,NA,NA,NA,NA,NA,NA,NA,NA,NA,NA,NA,NA,NA,NA,NA,NA,NA,NA,NA,NA,NA,NA,NA,NA,NA,NA,NA,NA,NA,NA,NA,NA,NA,NA,NA,NA,NA,NA,NA,NA,NA,NA,NA,NA,NA,NA,NA,NA,NA,NA,NA,NA,NA,NA,NA,NA,NA,NA,NA,NA,NA,NA,NA,NA,NA,NA,NA,NA,NA,NA,NA,NA,NA,NA,NA,NA,NA,NA,NA,NA,NA,NA,NA,NA,NA,NA,NA,NA,NA,NA,NA,NA,NA,NA,NA,NA,NA,NA,NA,NA,NA,NA,NA,NA,NA,NA,NA,NA,NA,NA,NA,NA,NA,NA,NA,NA,NA,NA,NA,NA,NA,NA,NA,NA,NA,NA,NA,NA,NA,NA,NA,NA,NA,NA,NA,NA,NA,NA,NA,NA,NA,NA,NA,NA,NA,NA,NA,NA,NA,NA,NA,1,85,NA,1,36,NA,1,75,NA,1,79,NA,2,82,NA,1,89,NA,1,79,NA,1,66,NA,2,95,NA,1,93,NA,1,27,NA,1,38,NA,1,47,NA,2,73,NA,2,71,NA,1,44,NA,2,80,NA,2,82,NA,2,75,NA,1,40,NA,2,82,NA,2,55,NA,2,69,NA,1,68,NA,2,37,NA,1,84,NA,1,58,NA,2,75,2,5,3,NA,"|24|10|5|3|27|8|17|26|9|2|7|15|28|16|12|20|6|14|18|1|13|11|25|22|23|21|4|19","|Pyc2010|Karpicke2011|Gervais2012|Derex2013|Alter2007|Bauer2012|Kidd2013|Wilson2014|Critcher2008|Balafoutas2012|Hauser2014|Zaval2014|Fakers2019|Tversky1978|Giessner2007|Kovac2012|Gneezy2014|Shafir1993|Shah2012|Aviezer2012|Risen2008|Anderson2012|Sparrow2011|Morewedge2010|Nishi2015|Lee2010|Duncan2012|Zhong2006",22,NA,NA,2
2019-04-15 17:41:12,2019-04-15 17:50:01,0,NA,100,528,1,2019-04-15 17:50:02,NA,NA,NA,NA,NA,NA,NA,"anonymous","NL",1,2,1,NA,NA,NA,NA,NA,NA,NA,NA,NA,NA,NA,NA,NA,NA,NA,NA,NA,NA,NA,NA,NA,NA,NA,NA,NA,NA,NA,NA,NA,NA,NA,NA,NA,NA,NA,NA,NA,NA,NA,NA,NA,NA,NA,NA,NA,NA,NA,NA,NA,NA,NA,NA,NA,NA,NA,NA,NA,NA,NA,NA,NA,NA,NA,NA,NA,NA,NA,NA,NA,NA,NA,NA,NA,NA,NA,NA,NA,NA,NA,NA,NA,NA,NA,NA,NA,NA,NA,NA,NA,NA,NA,NA,NA,NA,NA,NA,NA,NA,NA,NA,NA,NA,NA,NA,NA,NA,NA,NA,NA,NA,NA,NA,NA,NA,NA,NA,NA,NA,NA,NA,NA,NA,NA,NA,NA,NA,NA,NA,NA,NA,NA,NA,NA,NA,NA,NA,NA,NA,NA,NA,NA,NA,NA,NA,NA,NA,NA,NA,NA,NA,NA,NA,NA,NA,NA,NA,NA,NA,NA,NA,NA,NA,NA,NA,NA,NA,NA,NA,NA,1,100,NA,1,37,NA,1,92,NA,1,87,NA,2,81,NA,1,66,NA,1,100,NA,1,87,NA,2,65,NA,1,85,NA,1,65,NA,2,40,NA,2,72,NA,1,52,NA,2,35,NA,1,48,NA,2,62,NA,2,18,NA,1,47,NA,2,71,NA,1,45,NA,2,31,NA,1,55,NA,2,29,NA,1,69,NA,1,93,NA,1,28,NA,2,75,NA,NA,NA,NA,NA,NA,NA,NA,NA,NA,NA,NA,NA,NA,NA,NA,NA,NA,NA,NA,NA,NA,NA,NA,NA,NA,NA,NA,NA,NA,NA,NA,NA,NA,NA,NA,NA,NA,NA,NA,NA,NA,NA,NA,NA,NA,NA,NA,NA,NA,NA,NA,NA,NA,NA,NA,NA,NA,NA,NA,NA,NA,NA,NA,NA,NA,NA,NA,NA,NA,NA,NA,NA,NA,NA,NA,NA,NA,NA,NA,NA,NA,NA,NA,1,5,5,NA,"|18|5|27|21|13|14|4|19|15|26|16|2|3|28|1|8|6|20|11|22|9|23|7|10|17|12|24|25","|Shah2012|Gervais2012|Alter2007|Lee2010|Risen2008|Shafir1993|Duncan2012|Zhong2006|Zaval2014|Wilson2014|Tversky1978|Balafoutas2012|Derex2013|Fakers2019|Aviezer2012|Bauer2012|Gneezy2014|Kovac2012|Anderson2012|Morewedge2010|Critcher2008|Nishi2015|Hauser2014|Karpicke2011|Kidd2013|Giessner2007|Pyc2010|Sparrow2011",17,NA,NA,2
2019-04-15 17:01:00,2019-04-15 17:50:59,0,NA,100,2999,1,2019-04-15 17:51:00,NA,NA,NA,NA,NA,NA,NA,"anonymous","NL",1,2,2,NA,NA,NA,NA,NA,NA,NA,NA,NA,NA,NA,NA,NA,NA,NA,NA,NA,NA,NA,NA,NA,NA,NA,NA,NA,NA,NA,NA,NA,NA,NA,NA,NA,NA,NA,NA,NA,NA,NA,NA,NA,NA,NA,NA,NA,NA,NA,NA,NA,NA,NA,NA,NA,NA,NA,NA,NA,NA,NA,NA,NA,NA,NA,NA,NA,NA,NA,NA,NA,NA,NA,NA,NA,NA,NA,NA,NA,NA,NA,NA,NA,NA,NA,NA,NA,1,77,NA,2,58,NA,1,68,NA,1,78,NA,2,90,NA,2,82,NA,1,85,NA,1,60,NA,2,62,NA,2,44,NA,2,55,NA,1,75,NA,1,56,NA,1,52,NA,1,76,NA,1,55,NA,2,85,NA,2,71,1,2,1,NA,1,76,1,2,2,NA,2,40,NA,1,36,NA,1,84,NA,2,40,NA,1,80,NA,2,66,1,2,10,NA,NA,NA,NA,NA,NA,NA,NA,NA,NA,NA,NA,NA,NA,NA,NA,NA,NA,NA,NA,NA,NA,NA,NA,NA,NA,NA,NA,NA,NA,NA,NA,NA,NA,NA,NA,NA,NA,NA,NA,NA,NA,NA,NA,NA,NA,NA,NA,NA,NA,NA,NA,NA,NA,NA,NA,NA,NA,NA,NA,NA,NA,NA,NA,NA,NA,NA,NA,NA,NA,NA,NA,NA,NA,NA,NA,NA,NA,NA,NA,NA,NA,NA,NA,NA,NA,NA,NA,NA,NA,NA,NA,NA,NA,NA,NA,NA,NA,NA,NA,NA,NA,NA,NA,NA,NA,NA,NA,NA,NA,NA,NA,NA,NA,NA,NA,NA,NA,NA,NA,NA,NA,NA,NA,NA,NA,NA,NA,NA,NA,NA,NA,NA,NA,NA,NA,NA,NA,NA,NA,NA,NA,NA,NA,NA,NA,NA,NA,NA,NA,NA,NA,NA,NA,NA,NA,NA,NA,NA,NA,NA,NA,NA,NA,NA,NA,NA,NA,2,5,3,NA,"|1|2|3|4|5|6|7|8|9|10|11|12|13|14|15|16|17|18|19|20|21|22|23|24|25|26|27|28","|Aviezer2012|Balafoutas2012|Derex2013|Duncan2012|Gervais2012|Gneezy2014|Hauser2014|Bauer2012|Critcher2008|Karpicke2011|Anderson2012|Giessner2007|Risen2008|Shafir1993|Zaval2014|Tversky1978|Kidd2013|Shah2012|Zhong2006|Kovac2012|Lee2010|Morewedge2010|Nishi2015|Pyc2010|Sparrow2011|Wilson2014|Alter2007|Fakers2019",20,NA,NA,1
2019-04-15 20:33:35,2019-04-15 20:59:53,0,NA,100,1578,1,2019-04-15 20:59:54,NA,NA,NA,NA,NA,NA,NA,"anonymous","NL",1,2,2,NA,NA,NA,NA,NA,NA,NA,NA,NA,NA,NA,NA,NA,NA,NA,NA,NA,NA,NA,NA,NA,NA,NA,NA,NA,NA,NA,NA,NA,NA,NA,NA,NA,NA,NA,NA,NA,NA,NA,NA,NA,NA,NA,NA,NA,NA,NA,NA,NA,NA,NA,NA,NA,NA,NA,NA,NA,NA,NA,NA,NA,NA,NA,NA,NA,NA,NA,NA,NA,NA,NA,NA,NA,NA,NA,NA,NA,NA,NA,NA,NA,NA,NA,NA,NA,1,44,NA,1,52,NA,1,50,NA,2,50,NA,2,0,NA,1,71,NA,1,70,NA,1,61,NA,2,51,NA,1,73,NA,1,53,NA,1,52,NA,2,55,NA,2,51,NA,2,50,NA,2,61,NA,2,80,NA,2,52,NA,2,65,NA,1,62,NA,2,67,NA,1,61,NA,1,60,NA,1,80,NA,1,64,NA,1,79,NA,2,19,NA,1,50,NA,NA,NA,NA,NA,NA,NA,NA,NA,NA,NA,NA,NA,NA,NA,NA,NA,NA,NA,NA,NA,NA,NA,NA,NA,NA,NA,NA,NA,NA,NA,NA,NA,NA,NA,NA,NA,NA,NA,NA,NA,NA,NA,NA,NA,NA,NA,NA,NA,NA,NA,NA,NA,NA,NA,NA,NA,NA,NA,NA,NA,NA,NA,NA,NA,NA,NA,NA,NA,NA,NA,NA,NA,NA,NA,NA,NA,NA,NA,NA,NA,NA,NA,NA,NA,NA,NA,NA,NA,NA,NA,NA,NA,NA,NA,NA,NA,NA,NA,NA,NA,NA,NA,NA,NA,NA,NA,NA,NA,NA,NA,NA,NA,NA,NA,NA,NA,NA,NA,NA,NA,NA,NA,NA,NA,NA,NA,NA,NA,NA,NA,NA,NA,NA,NA,NA,NA,NA,NA,NA,NA,NA,NA,NA,NA,NA,NA,NA,NA,NA,NA,NA,NA,NA,NA,NA,NA,NA,NA,NA,NA,NA,NA,NA,NA,NA,NA,NA,1,5,3,NA,"|1|2|3|4|5|6|7|8|9|10|11|12|13|14|15|16|17|18|19|20|21|22|23|24|25|26|27|28","|Aviezer2012|Balafoutas2012|Derex2013|Duncan2012|Gervais2012|Gneezy2014|Hauser2014|Bauer2012|Critcher2008|Karpicke2011|Anderson2012|Giessner2007|Risen2008|Shafir1993|Zaval2014|Tversky1978|Kidd2013|Shah2012|Zhong2006|Kovac2012|Lee2010|Morewedge2010|Nishi2015|Pyc2010|Sparrow2011|Wilson2014|Alter2007|Fakers2019",22,NA,NA,1
2019-04-15 15:03:07,2019-04-15 21:16:27,0,NA,100,22400,1,2019-04-15 21:16:28,NA,NA,NA,NA,NA,NA,NA,"anonymous","NL",1,2,2,NA,NA,NA,NA,NA,NA,NA,NA,NA,NA,NA,NA,NA,NA,NA,NA,NA,NA,NA,NA,NA,NA,NA,NA,NA,NA,NA,NA,NA,NA,NA,NA,NA,NA,NA,NA,NA,NA,NA,NA,NA,NA,NA,NA,NA,NA,NA,NA,NA,NA,NA,NA,NA,NA,NA,NA,NA,NA,NA,NA,NA,NA,NA,NA,NA,NA,NA,NA,NA,NA,NA,NA,NA,NA,NA,NA,NA,NA,NA,NA,NA,NA,NA,NA,NA,NA,NA,NA,NA,NA,NA,NA,NA,NA,NA,NA,NA,NA,NA,NA,NA,NA,NA,NA,NA,NA,NA,NA,NA,NA,NA,NA,NA,NA,NA,NA,NA,NA,NA,NA,NA,NA,NA,NA,NA,NA,NA,NA,NA,NA,NA,NA,NA,NA,NA,NA,NA,NA,NA,NA,NA,NA,NA,NA,NA,NA,NA,NA,NA,NA,NA,NA,NA,NA,NA,NA,NA,NA,NA,NA,NA,NA,NA,NA,NA,NA,NA,NA,NA,NA,NA,NA,NA,NA,NA,NA,NA,NA,NA,NA,NA,NA,NA,NA,NA,NA,NA,NA,NA,NA,NA,NA,NA,NA,NA,NA,NA,NA,NA,NA,NA,NA,NA,NA,NA,NA,NA,NA,NA,NA,NA,NA,NA,NA,NA,NA,NA,NA,NA,NA,NA,NA,NA,NA,NA,NA,NA,NA,NA,NA,NA,NA,NA,NA,NA,NA,NA,NA,NA,NA,NA,NA,NA,NA,NA,NA,NA,NA,NA,NA,NA,NA,NA,1,100,NA,2,33,NA,1,100,NA,1,75,NA,2,74,NA,1,79,NA,1,100,NA,1,100,NA,2,74,NA,1,100,NA,1,91,NA,2,73,NA,2,100,NA,2,100,NA,1,50,NA,1,88,NA,2,58,NA,2,100,NA,1,51,NA,2,100,NA,2,84,NA,2,51,NA,2,54,NA,2,95,NA,1,85,NA,1,100,NA,2,100,NA,2,75,2,5,245,NA,"|4|15|12|3|2|9|19|16|1|21|25|17|26|22|6|24|27|14|18|10|5|7|11|23|8|20|28|13","|Duncan2012|Zaval2014|Giessner2007|Derex2013|Balafoutas2012|Critcher2008|Zhong2006|Tversky1978|Aviezer2012|Lee2010|Sparrow2011|Kidd2013|Wilson2014|Morewedge2010|Gneezy2014|Pyc2010|Alter2007|Shafir1993|Shah2012|Karpicke2011|Gervais2012|Hauser2014|Anderson2012|Nishi2015|Bauer2012|Kovac2012|Fakers2019|Risen2008",17,NA,NA,2
2019-04-09 13:22:48,2019-04-09 13:25:11,0,NA,67,142,0,2019-04-16 13:25:39,NA,NA,NA,NA,NA,NA,NA,"anonymous","NL",1,2,2,NA,NA,NA,NA,NA,NA,NA,NA,NA,NA,NA,NA,NA,NA,NA,NA,NA,NA,NA,NA,NA,NA,NA,NA,NA,NA,NA,NA,NA,NA,NA,NA,NA,NA,NA,NA,NA,NA,NA,NA,NA,NA,NA,NA,NA,NA,NA,NA,NA,NA,NA,NA,NA,NA,NA,NA,NA,NA,NA,NA,NA,NA,NA,NA,NA,NA,NA,NA,NA,NA,NA,NA,NA,NA,NA,NA,NA,NA,NA,NA,NA,NA,NA,NA,NA,NA,NA,NA,NA,NA,NA,NA,NA,NA,NA,NA,NA,NA,NA,NA,NA,NA,NA,NA,NA,NA,NA,NA,NA,NA,NA,NA,NA,NA,NA,NA,NA,NA,NA,NA,NA,NA,NA,NA,NA,NA,NA,NA,NA,NA,NA,NA,NA,NA,NA,NA,NA,NA,NA,NA,NA,NA,NA,NA,NA,NA,NA,NA,NA,NA,NA,NA,NA,NA,NA,NA,NA,NA,NA,NA,NA,NA,NA,NA,NA,NA,NA,NA,NA,NA,NA,NA,NA,NA,NA,NA,NA,NA,NA,NA,NA,NA,NA,NA,NA,NA,NA,NA,NA,NA,NA,NA,NA,NA,NA,NA,NA,NA,NA,NA,NA,NA,NA,NA,NA,NA,NA,NA,NA,NA,NA,NA,NA,NA,NA,NA,NA,NA,NA,NA,NA,NA,NA,NA,NA,NA,NA,NA,NA,NA,NA,NA,NA,NA,NA,NA,NA,NA,NA,NA,NA,NA,NA,NA,NA,NA,NA,NA,NA,NA,NA,NA,NA,NA,NA,NA,NA,NA,NA,NA,NA,NA,NA,NA,NA,NA,NA,NA,NA,NA,NA,NA,NA,NA,NA,NA,NA,NA,NA,NA,NA,NA,NA,NA,NA,NA,NA,NA,NA,NA,NA,NA,NA,NA,NA,NA,NA,NA,NA,NA,NA,NA,NA,NA,NA,NA,NA,NA,NA,NA,NA,NA,NA,NA,NA,NA,1,50,NA,NA,NA,NA,NA,NA,NA,NA,NA,NA,NA,NA,NA,NA,NA,NA,NA,NA,NA,NA,NA,NA,"|22|16","|Morewedge2010|Tversky1978",1,NA,NA,2
2019-04-16 13:43:28,2019-04-16 14:09:38,0,NA,100,1570,1,2019-04-16 14:09:39,NA,NA,NA,NA,NA,NA,NA,"anonymous","NL",1,2,2,NA,NA,NA,NA,NA,NA,NA,NA,NA,NA,NA,NA,NA,NA,NA,NA,NA,NA,NA,NA,NA,NA,NA,NA,NA,NA,NA,NA,NA,NA,NA,NA,NA,NA,NA,NA,NA,NA,NA,NA,NA,NA,NA,NA,NA,NA,NA,NA,NA,NA,NA,NA,NA,NA,NA,NA,NA,NA,NA,NA,NA,NA,NA,NA,NA,NA,NA,NA,NA,NA,NA,NA,NA,NA,NA,NA,NA,NA,NA,NA,NA,NA,NA,NA,NA,1,69,NA,1,85,NA,2,59,NA,1,62,NA,2,100,NA,1,92,NA,1,100,NA,1,67,NA,2,82,NA,2,77,NA,1,71,NA,1,100,NA,1,99,NA,1,100,NA,2,100,NA,2,81,NA,2,73,NA,2,77,1,1,50,1,1,54,NA,1,49,NA,1,54,NA,1,60,NA,1,52,NA,1,70,NA,2,63,NA,2,56,NA,2,75,NA,NA,NA,NA,NA,NA,NA,NA,NA,NA,NA,NA,NA,NA,NA,NA,NA,NA,NA,NA,NA,NA,NA,NA,NA,NA,NA,NA,NA,NA,NA,NA,NA,NA,NA,NA,NA,NA,NA,NA,NA,NA,NA,NA,NA,NA,NA,NA,NA,NA,NA,NA,NA,NA,NA,NA,NA,NA,NA,NA,NA,NA,NA,NA,NA,NA,NA,NA,NA,NA,NA,NA,NA,NA,NA,NA,NA,NA,NA,NA,NA,NA,NA,NA,NA,NA,NA,NA,NA,NA,NA,NA,NA,NA,NA,NA,NA,NA,NA,NA,NA,NA,NA,NA,NA,NA,NA,NA,NA,NA,NA,NA,NA,NA,NA,NA,NA,NA,NA,NA,NA,NA,NA,NA,NA,NA,NA,NA,NA,NA,NA,NA,NA,NA,NA,NA,NA,NA,NA,NA,NA,NA,NA,NA,NA,NA,NA,NA,NA,NA,NA,NA,NA,NA,NA,NA,NA,NA,NA,NA,NA,NA,NA,NA,NA,NA,NA,NA,2,5,5,NA,"|1|2|3|4|5|6|7|8|9|10|11|12|13|14|15|16|17|18|19|20|21|22|23|24|25|26|27|28","|Aviezer2012|Balafoutas2012|Derex2013|Duncan2012|Gervais2012|Gneezy2014|Hauser2014|Bauer2012|Critcher2008|Karpicke2011|Anderson2012|Giessner2007|Risen2008|Shafir1993|Zaval2014|Tversky1978|Kidd2013|Shah2012|Zhong2006|Kovac2012|Lee2010|Morewedge2010|Nishi2015|Pyc2010|Sparrow2011|Wilson2014|Alter2007|Fakers2019",19,NA,NA,1
2019-04-15 14:53:08,2019-04-16 14:54:26,0,NA,100,86478,1,2019-04-16 14:54:27,NA,NA,NA,NA,NA,NA,NA,"anonymous","NL",1,2,2,NA,NA,NA,NA,NA,NA,NA,NA,NA,NA,NA,NA,NA,NA,NA,NA,NA,NA,NA,NA,NA,NA,NA,NA,NA,NA,NA,NA,NA,NA,NA,NA,NA,NA,NA,NA,NA,NA,NA,NA,NA,NA,NA,NA,NA,NA,NA,NA,NA,NA,NA,NA,NA,NA,NA,NA,NA,NA,NA,NA,NA,NA,NA,NA,NA,NA,NA,NA,NA,NA,NA,NA,NA,NA,NA,NA,NA,NA,NA,NA,NA,NA,NA,NA,NA,NA,NA,NA,NA,NA,NA,NA,NA,NA,NA,NA,NA,NA,NA,NA,NA,NA,NA,NA,NA,NA,NA,NA,NA,NA,NA,NA,NA,NA,NA,NA,NA,NA,NA,NA,NA,NA,NA,NA,NA,NA,NA,NA,NA,NA,NA,NA,NA,NA,NA,NA,NA,NA,NA,NA,NA,NA,NA,NA,NA,NA,NA,NA,NA,NA,NA,NA,NA,NA,NA,NA,NA,NA,NA,NA,NA,NA,NA,NA,NA,NA,NA,NA,NA,NA,NA,NA,NA,NA,NA,NA,NA,NA,NA,NA,NA,NA,NA,NA,NA,NA,NA,NA,NA,NA,NA,NA,NA,NA,NA,NA,NA,NA,NA,NA,NA,NA,NA,NA,NA,NA,NA,NA,NA,NA,NA,NA,NA,NA,NA,NA,NA,NA,NA,NA,NA,NA,NA,NA,NA,NA,NA,NA,NA,NA,NA,NA,NA,NA,NA,NA,NA,NA,NA,NA,NA,NA,NA,NA,NA,NA,NA,NA,NA,NA,NA,NA,NA,1,90,NA,2,46,NA,1,80,NA,1,41,NA,2,83,NA,1,70,NA,1,89,NA,1,78,NA,2,60,NA,1,70,NA,1,65,NA,2,30,NA,1,35,NA,2,60,NA,2,80,NA,1,40,NA,2,70,NA,2,69,NA,2,65,NA,1,20,NA,2,70,NA,2,50,NA,1,70,NA,1,40,1,1,15,NA,1,75,NA,2,50,NA,2,75,2,5,3,NA,"|10|10|14|20|13|11|16|27|1|26|15|17|9|12|24|25|2|18|5|8|7|28|6|19|21|3|4|22|23","|Karpicke2011|Karpicke2011|Shafir1993|Kovac2012|Risen2008|Anderson2012|Tversky1978|Alter2007|Aviezer2012|Wilson2014|Zaval2014|Kidd2013|Critcher2008|Giessner2007|Pyc2010|Sparrow2011|Balafoutas2012|Shah2012|Gervais2012|Bauer2012|Hauser2014|Fakers2019|Gneezy2014|Zhong2006|Lee2010|Derex2013|Duncan2012|Morewedge2010|Nishi2015",23,NA,NA,2
2019-04-09 13:15:07,2019-04-09 15:25:36,0,NA,85,7829,0,2019-04-16 15:25:47,NA,NA,NA,NA,NA,NA,NA,"anonymous","NL",1,2,2,NA,NA,NA,NA,NA,NA,NA,NA,NA,NA,NA,NA,NA,NA,NA,NA,NA,NA,NA,NA,NA,NA,NA,NA,NA,NA,NA,NA,NA,NA,NA,NA,NA,NA,NA,NA,NA,NA,NA,NA,NA,NA,NA,NA,NA,NA,NA,NA,NA,NA,NA,NA,NA,NA,NA,NA,NA,NA,NA,NA,NA,NA,NA,NA,NA,NA,NA,NA,NA,NA,NA,NA,NA,NA,NA,NA,NA,NA,NA,NA,NA,NA,NA,NA,NA,1,72,NA,2,73,NA,1,45,1,1,50,NA,2,92,NA,1,89,NA,1,93,NA,1,39,NA,1,52,NA,2,65,NA,2,65,NA,1,60,NA,2,47,NA,2,61,NA,2,56,NA,2,89,NA,2,61,NA,1,62,NA,2,85,NA,2,61,NA,2,86,NA,2,57,NA,2,55,NA,1,57,NA,2,79,NA,2,28,NA,2,81,NA,2,75,NA,NA,NA,NA,NA,NA,NA,NA,NA,NA,NA,NA,NA,NA,NA,NA,NA,NA,NA,NA,NA,NA,NA,NA,NA,NA,NA,NA,NA,NA,NA,NA,NA,NA,NA,NA,NA,NA,NA,NA,NA,NA,NA,NA,NA,NA,NA,NA,NA,NA,NA,NA,NA,NA,NA,NA,NA,NA,NA,NA,NA,NA,NA,NA,NA,NA,NA,NA,NA,NA,NA,NA,NA,NA,NA,NA,NA,NA,NA,NA,NA,NA,NA,NA,NA,NA,NA,NA,NA,NA,NA,NA,NA,NA,NA,NA,NA,NA,NA,NA,NA,NA,NA,NA,NA,NA,NA,NA,NA,NA,NA,NA,NA,NA,NA,NA,NA,NA,NA,NA,NA,NA,NA,NA,NA,NA,NA,NA,NA,NA,NA,NA,NA,NA,NA,NA,NA,NA,NA,NA,NA,NA,NA,NA,NA,NA,NA,NA,NA,NA,NA,NA,NA,NA,NA,NA,NA,NA,NA,NA,NA,NA,NA,NA,NA,NA,NA,NA,2,5,NA,NA,"|1|2|3|4|5|6|7|8|9|10|11|12|13|14|15|16|17|18|19|20|21|22|23|24|25|26|27|28","|Aviezer2012|Balafoutas2012|Derex2013|Duncan2012|Gervais2012|Gneezy2014|Hauser2014|Bauer2012|Critcher2008|Karpicke2011|Anderson2012|Giessner2007|Risen2008|Shafir1993|Zaval2014|Tversky1978|Kidd2013|Shah2012|Zhong2006|Kovac2012|Lee2010|Morewedge2010|Nishi2015|Pyc2010|Sparrow2011|Wilson2014|Alter2007|Fakers2019",18,NA,NA,1
2019-04-09 16:09:05,2019-04-09 16:10:05,0,NA,37,59,0,2019-04-16 16:10:06,NA,NA,NA,NA,NA,NA,NA,"anonymous","EN",1,2,2,NA,NA,NA,NA,NA,NA,NA,NA,NA,NA,NA,NA,NA,NA,NA,NA,NA,NA,NA,NA,NA,NA,NA,NA,NA,NA,NA,NA,NA,NA,NA,NA,NA,NA,NA,NA,NA,NA,NA,NA,NA,NA,NA,NA,NA,NA,NA,NA,NA,NA,NA,NA,NA,NA,NA,NA,NA,NA,NA,NA,NA,NA,NA,NA,NA,NA,NA,NA,NA,NA,NA,NA,NA,NA,NA,NA,NA,NA,NA,NA,NA,NA,NA,NA,NA,1,69,NA,NA,NA,NA,NA,NA,NA,NA,NA,NA,NA,NA,NA,NA,NA,NA,NA,NA,NA,NA,NA,NA,NA,NA,NA,NA,NA,NA,NA,NA,NA,NA,NA,NA,NA,NA,NA,NA,NA,NA,NA,NA,NA,NA,NA,NA,NA,NA,NA,NA,NA,NA,NA,NA,NA,NA,NA,NA,NA,NA,NA,NA,NA,NA,NA,NA,NA,NA,NA,NA,NA,NA,NA,NA,NA,NA,NA,NA,NA,NA,NA,NA,NA,NA,NA,NA,NA,NA,NA,NA,NA,NA,NA,NA,NA,NA,NA,NA,NA,NA,NA,NA,NA,NA,NA,NA,NA,NA,NA,NA,NA,NA,NA,NA,NA,NA,NA,NA,NA,NA,NA,NA,NA,NA,NA,NA,NA,NA,NA,NA,NA,NA,NA,NA,NA,NA,NA,NA,NA,NA,NA,NA,NA,NA,NA,NA,NA,NA,NA,NA,NA,NA,NA,NA,NA,NA,NA,NA,NA,NA,NA,NA,NA,NA,NA,NA,NA,NA,NA,NA,NA,NA,NA,NA,NA,NA,NA,NA,NA,NA,NA,NA,NA,NA,NA,NA,NA,NA,NA,NA,NA,NA,NA,NA,NA,NA,NA,NA,NA,NA,NA,NA,NA,NA,NA,NA,NA,NA,NA,NA,NA,NA,NA,NA,NA,NA,NA,NA,NA,NA,NA,NA,NA,NA,NA,NA,NA,NA,NA,NA,NA,NA,NA,NA,NA,NA,NA,NA,NA,NA,NA,NA,NA,NA,NA,NA,NA,NA,NA,NA,NA,NA,NA,"|1|2","|Aviezer2012|Balafoutas2012",1,NA,NA,1
2019-04-09 16:19:43,2019-04-09 16:20:33,0,NA,22,50,0,2019-04-16 16:20:36,NA,NA,NA,NA,NA,NA,NA,"anonymous","NL",1,2,2,NA,NA,NA,NA,NA,NA,NA,NA,NA,NA,NA,NA,NA,NA,NA,NA,NA,NA,NA,NA,NA,NA,NA,NA,NA,NA,NA,NA,NA,NA,NA,NA,NA,NA,NA,NA,NA,NA,NA,NA,NA,NA,NA,NA,NA,NA,NA,NA,NA,NA,NA,NA,NA,NA,NA,NA,NA,NA,NA,NA,NA,NA,NA,NA,NA,NA,NA,NA,NA,NA,NA,NA,NA,NA,NA,NA,NA,NA,NA,NA,NA,NA,NA,NA,NA,NA,NA,NA,NA,NA,NA,NA,NA,NA,NA,NA,NA,NA,NA,NA,NA,NA,NA,NA,NA,NA,NA,NA,NA,NA,NA,NA,NA,NA,NA,NA,NA,NA,NA,NA,NA,NA,NA,NA,NA,NA,NA,NA,NA,NA,NA,NA,NA,NA,NA,NA,NA,NA,NA,NA,NA,NA,NA,NA,NA,NA,NA,NA,NA,NA,NA,NA,NA,NA,NA,NA,NA,NA,NA,NA,NA,NA,NA,NA,NA,NA,NA,NA,NA,NA,NA,NA,NA,NA,NA,NA,NA,NA,NA,NA,NA,NA,NA,NA,NA,NA,NA,NA,NA,NA,NA,NA,NA,NA,NA,NA,NA,NA,NA,NA,NA,NA,NA,NA,NA,NA,NA,NA,NA,NA,NA,NA,NA,NA,NA,NA,NA,NA,NA,NA,NA,NA,NA,NA,NA,NA,NA,NA,NA,NA,NA,NA,NA,NA,NA,NA,NA,NA,NA,NA,NA,NA,NA,NA,NA,NA,NA,NA,NA,NA,NA,NA,NA,NA,NA,NA,NA,NA,NA,NA,NA,NA,NA,NA,NA,NA,NA,NA,NA,NA,NA,NA,NA,NA,NA,NA,NA,NA,NA,NA,NA,NA,NA,NA,NA,NA,NA,NA,NA,NA,NA,NA,NA,NA,NA,NA,NA,NA,NA,NA,NA,NA,NA,NA,NA,NA,NA,NA,NA,NA,NA,NA,NA,NA,NA,NA,NA,NA,NA,NA,NA,NA,NA,NA,NA,NA,NA,NA,NA,NA,NA,NA,NA,NA,NA,NA,NA,NA,NA,NA,NA,NA,0,NA,NA,2
2019-04-09 16:43:30,2019-04-09 16:45:47,0,NA,22,136,0,2019-04-16 16:46:01,NA,NA,NA,NA,NA,NA,NA,"anonymous","NL",1,2,2,NA,NA,NA,NA,NA,NA,NA,NA,NA,NA,NA,NA,NA,NA,NA,NA,NA,NA,NA,NA,NA,NA,NA,NA,NA,NA,NA,NA,NA,NA,NA,NA,NA,NA,NA,NA,NA,NA,NA,NA,NA,NA,NA,NA,NA,NA,NA,NA,NA,NA,NA,NA,NA,NA,NA,NA,NA,NA,NA,NA,NA,NA,NA,NA,NA,NA,NA,NA,NA,NA,NA,NA,NA,NA,NA,NA,NA,NA,NA,NA,NA,NA,NA,NA,NA,NA,NA,NA,NA,NA,NA,NA,NA,NA,NA,NA,NA,NA,NA,NA,NA,NA,NA,NA,NA,NA,NA,NA,NA,NA,NA,NA,NA,NA,NA,NA,NA,NA,NA,NA,NA,NA,NA,NA,NA,NA,NA,NA,NA,NA,NA,NA,NA,NA,NA,NA,NA,NA,NA,NA,NA,NA,NA,NA,NA,NA,NA,NA,NA,NA,NA,NA,NA,NA,NA,NA,NA,NA,NA,NA,NA,NA,NA,NA,NA,NA,NA,NA,NA,NA,NA,NA,NA,NA,NA,NA,NA,NA,NA,NA,NA,NA,NA,NA,NA,NA,NA,NA,NA,NA,NA,NA,NA,NA,NA,NA,NA,NA,NA,NA,NA,NA,NA,NA,NA,NA,NA,NA,NA,NA,NA,NA,NA,NA,NA,NA,NA,NA,NA,NA,NA,NA,NA,NA,NA,NA,NA,NA,NA,NA,NA,NA,NA,NA,NA,NA,NA,NA,NA,NA,NA,NA,NA,NA,NA,NA,NA,NA,NA,NA,NA,NA,NA,NA,NA,NA,NA,NA,NA,NA,NA,NA,NA,NA,NA,NA,NA,NA,NA,NA,NA,NA,NA,NA,NA,NA,NA,NA,NA,NA,NA,NA,NA,NA,NA,NA,NA,NA,NA,NA,NA,NA,NA,NA,NA,NA,NA,NA,NA,NA,NA,NA,NA,NA,NA,NA,NA,NA,NA,NA,NA,NA,NA,NA,NA,NA,NA,NA,NA,NA,NA,NA,NA,NA,NA,NA,NA,NA,NA,NA,NA,NA,NA,NA,NA,NA,NA,NA,NA,NA,NA,NA,0,NA,NA,2
2019-04-16 13:38:10,2019-04-16 16:46:46,0,NA,100,11315,1,2019-04-16 16:46:46,NA,NA,NA,NA,NA,NA,NA,"anonymous","NL",1,2,2,NA,NA,NA,NA,NA,NA,NA,NA,NA,NA,NA,NA,NA,NA,NA,NA,NA,NA,NA,NA,NA,NA,NA,NA,NA,NA,NA,NA,NA,NA,NA,NA,NA,NA,NA,NA,NA,NA,NA,NA,NA,NA,NA,NA,NA,NA,NA,NA,NA,NA,NA,NA,NA,NA,NA,NA,NA,NA,NA,NA,NA,NA,NA,NA,NA,NA,NA,NA,NA,NA,NA,NA,NA,NA,NA,NA,NA,NA,NA,NA,NA,NA,NA,NA,NA,NA,NA,NA,NA,NA,NA,NA,NA,NA,NA,NA,NA,NA,NA,NA,NA,NA,NA,NA,NA,NA,NA,NA,NA,NA,NA,NA,NA,NA,NA,NA,NA,NA,NA,NA,NA,NA,NA,NA,NA,NA,NA,NA,NA,NA,NA,NA,NA,NA,NA,NA,NA,NA,NA,NA,NA,NA,NA,NA,NA,NA,NA,NA,NA,NA,NA,NA,NA,NA,NA,NA,NA,NA,NA,NA,NA,NA,NA,NA,NA,NA,NA,NA,NA,NA,NA,NA,NA,NA,NA,NA,NA,NA,NA,NA,NA,NA,NA,NA,NA,NA,NA,NA,NA,NA,NA,NA,NA,NA,NA,NA,NA,NA,NA,NA,NA,NA,NA,NA,NA,NA,NA,NA,NA,NA,NA,NA,NA,NA,NA,NA,NA,NA,NA,NA,NA,NA,NA,NA,NA,NA,NA,NA,NA,NA,NA,NA,NA,NA,NA,NA,NA,NA,NA,NA,NA,NA,NA,NA,NA,NA,NA,NA,NA,NA,NA,NA,NA,1,81,NA,1,40,NA,1,64,NA,2,32,NA,2,68,NA,2,37,NA,1,48,NA,1,39,NA,2,44,NA,1,63,NA,1,52,NA,2,45,NA,2,51,NA,2,52,NA,2,44,NA,2,38,NA,2,59,NA,2,61,NA,2,50,NA,2,50,NA,2,67,NA,2,48,NA,1,39,NA,2,58,NA,1,51,NA,1,56,NA,2,46,NA,2,75,1,5,5,NA,"|19|16|17|1|9|11|8|3|23|10|27|20|7|26|15|22|6|24|5|18|28|2|13|25|21|4|12|14","|Zhong2006|Tversky1978|Kidd2013|Aviezer2012|Critcher2008|Anderson2012|Bauer2012|Derex2013|Nishi2015|Karpicke2011|Alter2007|Kovac2012|Hauser2014|Wilson2014|Zaval2014|Morewedge2010|Gneezy2014|Pyc2010|Gervais2012|Shah2012|Fakers2019|Balafoutas2012|Risen2008|Sparrow2011|Lee2010|Duncan2012|Giessner2007|Shafir1993",20,NA,NA,2
2019-04-09 16:42:38,2019-04-09 16:49:29,0,NA,37,411,0,2019-04-16 16:49:41,NA,NA,NA,NA,NA,NA,NA,"anonymous","NL",1,2,2,NA,NA,NA,NA,NA,NA,NA,NA,NA,NA,NA,NA,NA,NA,NA,NA,NA,NA,NA,NA,NA,NA,NA,NA,NA,NA,NA,NA,NA,NA,NA,NA,NA,NA,NA,NA,NA,NA,NA,NA,NA,NA,NA,NA,NA,NA,NA,NA,NA,NA,NA,NA,NA,NA,NA,NA,NA,NA,NA,NA,NA,NA,NA,NA,NA,NA,NA,NA,NA,NA,NA,NA,NA,NA,NA,NA,NA,NA,NA,NA,NA,NA,NA,NA,NA,1,75,NA,2,50,NA,2,31,NA,1,54,NA,1,58,NA,1,53,NA,NA,NA,NA,NA,NA,NA,NA,NA,NA,NA,NA,NA,NA,NA,NA,NA,NA,NA,NA,NA,NA,NA,NA,NA,NA,NA,NA,NA,NA,NA,NA,NA,NA,NA,NA,NA,NA,NA,NA,NA,NA,NA,NA,NA,NA,NA,NA,NA,NA,NA,NA,NA,NA,NA,NA,NA,NA,NA,NA,NA,NA,NA,NA,NA,NA,NA,NA,NA,NA,NA,NA,NA,NA,NA,NA,NA,NA,NA,NA,NA,NA,NA,NA,NA,NA,NA,NA,NA,NA,NA,NA,NA,NA,NA,NA,NA,NA,NA,NA,NA,NA,NA,NA,NA,NA,NA,NA,NA,NA,NA,NA,NA,NA,NA,NA,NA,NA,NA,NA,NA,NA,NA,NA,NA,NA,NA,NA,NA,NA,NA,NA,NA,NA,NA,NA,NA,NA,NA,NA,NA,NA,NA,NA,NA,NA,NA,NA,NA,NA,NA,NA,NA,NA,NA,NA,NA,NA,NA,NA,NA,NA,NA,NA,NA,NA,NA,NA,NA,NA,NA,NA,NA,NA,NA,NA,NA,NA,NA,NA,NA,NA,NA,NA,NA,NA,NA,NA,NA,NA,NA,NA,NA,NA,NA,NA,NA,NA,NA,NA,NA,NA,NA,NA,NA,NA,NA,NA,NA,NA,NA,NA,NA,NA,NA,NA,NA,NA,NA,NA,NA,NA,NA,NA,NA,NA,NA,NA,NA,NA,NA,NA,NA,NA,NA,NA,NA,NA,"|1|2|3|4|5|6|7","|Aviezer2012|Balafoutas2012|Derex2013|Duncan2012|Gervais2012|Gneezy2014|Hauser2014",3,NA,NA,1
2019-04-09 13:54:08,2019-04-09 17:14:01,0,NA,37,11992,0,2019-04-16 17:14:23,NA,NA,NA,NA,NA,NA,NA,"anonymous","NL",1,2,2,NA,NA,NA,NA,NA,NA,NA,NA,NA,NA,NA,NA,NA,NA,NA,NA,NA,NA,NA,NA,NA,NA,NA,NA,NA,NA,NA,NA,NA,NA,NA,NA,NA,NA,NA,NA,NA,NA,NA,NA,NA,NA,NA,NA,NA,NA,NA,NA,NA,NA,NA,NA,NA,NA,NA,NA,NA,NA,NA,NA,NA,NA,NA,NA,NA,NA,NA,NA,NA,NA,NA,NA,NA,NA,NA,NA,NA,NA,NA,NA,NA,NA,NA,NA,NA,1,75,NA,2,15,NA,2,26,NA,1,64,NA,2,61,NA,1,100,NA,1,74,NA,1,81,NA,1,70,NA,1,50,NA,1,60,NA,1,63,NA,1,59,NA,2,29,NA,1,60,NA,1,22,NA,2,11,NA,1,12,NA,1,28,NA,1,37,NA,2,15,NA,1,33,NA,NA,NA,NA,NA,NA,NA,NA,NA,NA,NA,NA,NA,NA,NA,NA,NA,NA,NA,NA,NA,NA,NA,NA,NA,NA,NA,NA,NA,NA,NA,NA,NA,NA,NA,NA,NA,NA,NA,NA,NA,NA,NA,NA,NA,NA,NA,NA,NA,NA,NA,NA,NA,NA,NA,NA,NA,NA,NA,NA,NA,NA,NA,NA,NA,NA,NA,NA,NA,NA,NA,NA,NA,NA,NA,NA,NA,NA,NA,NA,NA,NA,NA,NA,NA,NA,NA,NA,NA,NA,NA,NA,NA,NA,NA,NA,NA,NA,NA,NA,NA,NA,NA,NA,NA,NA,NA,NA,NA,NA,NA,NA,NA,NA,NA,NA,NA,NA,NA,NA,NA,NA,NA,NA,NA,NA,NA,NA,NA,NA,NA,NA,NA,NA,NA,NA,NA,NA,NA,NA,NA,NA,NA,NA,NA,NA,NA,NA,NA,NA,NA,NA,NA,NA,NA,NA,NA,NA,NA,NA,NA,NA,NA,NA,NA,NA,NA,NA,NA,NA,NA,NA,NA,NA,NA,NA,NA,NA,NA,NA,NA,NA,NA,NA,NA,NA,NA,NA,NA,NA,"|1|2|3|4|5|6|7|8|9|10|11|12|13|14|15|16|16|17|18|19|20|21|22","|Aviezer2012|Balafoutas2012|Derex2013|Duncan2012|Gervais2012|Gneezy2014|Hauser2014|Bauer2012|Critcher2008|Karpicke2011|Anderson2012|Giessner2007|Risen2008|Shafir1993|Zaval2014|Tversky1978|Tversky1978|Kidd2013|Shah2012|Zhong2006|Kovac2012|Lee2010|Morewedge2010",13,NA,NA,1
2019-04-09 18:10:37,2019-04-09 18:11:54,0,NA,67,76,0,2019-04-16 18:11:56,NA,NA,NA,NA,NA,NA,NA,"anonymous","NL",1,2,2,NA,NA,NA,NA,NA,NA,NA,NA,NA,NA,NA,NA,NA,NA,NA,NA,NA,NA,NA,NA,NA,NA,NA,NA,NA,NA,NA,NA,NA,NA,NA,NA,NA,NA,NA,NA,NA,NA,NA,NA,NA,NA,NA,NA,NA,NA,NA,NA,NA,NA,NA,NA,NA,NA,NA,NA,NA,NA,NA,NA,NA,NA,NA,NA,NA,NA,NA,NA,NA,NA,NA,NA,NA,NA,NA,NA,NA,NA,NA,NA,NA,NA,NA,NA,NA,NA,NA,NA,NA,NA,NA,NA,NA,NA,NA,NA,NA,NA,NA,NA,NA,NA,NA,NA,NA,NA,NA,NA,NA,NA,NA,NA,NA,NA,NA,NA,NA,NA,NA,NA,NA,NA,NA,NA,NA,NA,NA,NA,NA,NA,NA,NA,NA,NA,NA,NA,NA,NA,NA,NA,NA,NA,NA,NA,NA,NA,NA,NA,NA,NA,NA,NA,NA,NA,NA,NA,NA,NA,NA,NA,NA,NA,NA,NA,NA,NA,NA,NA,NA,NA,NA,NA,NA,NA,NA,NA,NA,NA,NA,NA,NA,NA,NA,NA,NA,NA,NA,NA,NA,NA,NA,NA,NA,NA,NA,NA,NA,NA,NA,NA,NA,NA,NA,NA,NA,NA,NA,NA,NA,NA,NA,NA,NA,NA,NA,NA,NA,NA,NA,NA,NA,NA,NA,NA,NA,NA,NA,NA,NA,NA,NA,NA,NA,NA,NA,NA,NA,NA,NA,NA,NA,NA,NA,NA,NA,NA,NA,NA,NA,NA,NA,NA,NA,NA,NA,NA,NA,NA,NA,NA,NA,NA,NA,NA,NA,NA,NA,NA,NA,NA,NA,NA,NA,NA,NA,NA,NA,NA,NA,NA,NA,NA,NA,NA,NA,NA,NA,NA,NA,NA,NA,NA,NA,NA,NA,NA,NA,NA,NA,NA,NA,NA,NA,NA,NA,NA,NA,NA,NA,NA,NA,NA,NA,NA,NA,NA,NA,NA,NA,NA,NA,NA,NA,NA,NA,NA,NA,NA,NA,NA,NA,NA,NA,NA,NA,NA,NA,NA,NA,NA,"|21","|Lee2010",0,NA,NA,2
2019-04-09 18:23:41,2019-04-09 18:26:03,0,NA,37,141,0,2019-04-16 18:26:06,NA,NA,NA,NA,NA,NA,NA,"anonymous","NL",1,2,2,NA,NA,NA,NA,NA,NA,NA,NA,NA,NA,NA,NA,NA,NA,NA,NA,NA,NA,NA,NA,NA,NA,NA,NA,NA,NA,NA,NA,NA,NA,NA,NA,NA,NA,NA,NA,NA,NA,NA,NA,NA,NA,NA,NA,NA,NA,NA,NA,NA,NA,NA,NA,NA,NA,NA,NA,NA,NA,NA,NA,NA,NA,NA,NA,NA,NA,NA,NA,NA,NA,NA,NA,NA,NA,NA,NA,NA,NA,NA,NA,NA,NA,NA,NA,NA,1,75,NA,2,56,NA,NA,NA,NA,NA,NA,NA,NA,NA,NA,NA,NA,NA,NA,NA,NA,NA,NA,NA,NA,NA,NA,NA,NA,NA,NA,NA,NA,NA,NA,NA,NA,NA,NA,NA,NA,NA,NA,NA,NA,NA,NA,NA,NA,NA,NA,NA,NA,NA,NA,NA,NA,NA,NA,NA,NA,NA,NA,NA,NA,NA,NA,NA,NA,NA,NA,NA,NA,NA,NA,NA,NA,NA,NA,NA,NA,NA,NA,NA,NA,NA,NA,NA,NA,NA,NA,NA,NA,NA,NA,NA,NA,NA,NA,NA,NA,NA,NA,NA,NA,NA,NA,NA,NA,NA,NA,NA,NA,NA,NA,NA,NA,NA,NA,NA,NA,NA,NA,NA,NA,NA,NA,NA,NA,NA,NA,NA,NA,NA,NA,NA,NA,NA,NA,NA,NA,NA,NA,NA,NA,NA,NA,NA,NA,NA,NA,NA,NA,NA,NA,NA,NA,NA,NA,NA,NA,NA,NA,NA,NA,NA,NA,NA,NA,NA,NA,NA,NA,NA,NA,NA,NA,NA,NA,NA,NA,NA,NA,NA,NA,NA,NA,NA,NA,NA,NA,NA,NA,NA,NA,NA,NA,NA,NA,NA,NA,NA,NA,NA,NA,NA,NA,NA,NA,NA,NA,NA,NA,NA,NA,NA,NA,NA,NA,NA,NA,NA,NA,NA,NA,NA,NA,NA,NA,NA,NA,NA,NA,NA,NA,NA,NA,NA,NA,NA,NA,NA,NA,NA,NA,NA,NA,NA,NA,NA,NA,NA,NA,NA,NA,"|1|2","|Aviezer2012|Balafoutas2012",1,NA,NA,1
2019-04-16 19:06:55,2019-04-16 19:43:52,0,NA,100,2216,1,2019-04-16 19:43:53,NA,NA,NA,NA,NA,NA,NA,"anonymous","NL",1,2,2,NA,NA,NA,NA,NA,NA,NA,NA,NA,NA,NA,NA,NA,NA,NA,NA,NA,NA,NA,NA,NA,NA,NA,NA,NA,NA,NA,NA,NA,NA,NA,NA,NA,NA,NA,NA,NA,NA,NA,NA,NA,NA,NA,NA,NA,NA,NA,NA,NA,NA,NA,NA,NA,NA,NA,NA,NA,NA,NA,NA,NA,NA,NA,NA,NA,NA,NA,NA,NA,NA,NA,NA,NA,NA,NA,NA,NA,NA,NA,NA,NA,NA,NA,NA,NA,NA,NA,NA,NA,NA,NA,NA,NA,NA,NA,NA,NA,NA,NA,NA,NA,NA,NA,NA,NA,NA,NA,NA,NA,NA,NA,NA,NA,NA,NA,NA,NA,NA,NA,NA,NA,NA,NA,NA,NA,NA,NA,NA,NA,NA,NA,NA,NA,NA,NA,NA,NA,NA,NA,NA,NA,NA,NA,NA,NA,NA,NA,NA,NA,NA,NA,NA,NA,NA,NA,NA,NA,NA,NA,NA,NA,NA,NA,NA,NA,NA,NA,NA,NA,NA,NA,NA,NA,NA,NA,NA,NA,NA,NA,NA,NA,NA,NA,NA,NA,NA,NA,NA,NA,NA,NA,NA,NA,NA,NA,NA,NA,NA,NA,NA,NA,NA,NA,NA,NA,NA,NA,NA,NA,NA,NA,NA,NA,NA,NA,NA,NA,NA,NA,NA,NA,NA,NA,NA,NA,NA,NA,NA,NA,NA,NA,NA,NA,NA,NA,NA,NA,NA,NA,NA,NA,NA,NA,NA,NA,NA,NA,NA,NA,NA,NA,NA,NA,1,83,NA,2,63,NA,1,83,NA,2,69,NA,2,84,NA,2,20,NA,1,61,NA,1,38,NA,2,67,NA,2,37,NA,1,73,NA,1,36,NA,1,62,NA,2,49,NA,1,41,NA,2,57,NA,1,66,NA,1,49,NA,2,83,NA,1,25,NA,2,86,NA,2,66,NA,2,28,NA,1,59,NA,2,45,NA,1,64,NA,1,56,NA,2,75,2,5,245,NA,"|26|20|3|6|4|16|11|12|25|24|1|17|22|10|5|27|18|9|13|2|28|23|19|21|15|8|7|14","|Wilson2014|Kovac2012|Derex2013|Gneezy2014|Duncan2012|Tversky1978|Anderson2012|Giessner2007|Sparrow2011|Pyc2010|Aviezer2012|Kidd2013|Morewedge2010|Karpicke2011|Gervais2012|Alter2007|Shah2012|Critcher2008|Risen2008|Balafoutas2012|Fakers2019|Nishi2015|Zhong2006|Lee2010|Zaval2014|Bauer2012|Hauser2014|Shafir1993",16,NA,NA,2
2019-04-09 22:28:23,2019-04-10 00:13:01,0,NA,67,6277,0,2019-04-17 00:13:40,NA,NA,NA,NA,NA,NA,NA,"anonymous","NL",1,2,2,NA,NA,NA,NA,NA,NA,NA,NA,NA,NA,NA,NA,NA,NA,NA,NA,NA,NA,NA,NA,NA,NA,NA,NA,NA,NA,NA,NA,NA,NA,NA,NA,NA,NA,NA,NA,NA,NA,NA,NA,NA,NA,NA,NA,NA,NA,NA,NA,NA,NA,NA,NA,NA,NA,NA,NA,NA,NA,NA,NA,NA,NA,NA,NA,NA,NA,NA,NA,NA,NA,NA,NA,NA,NA,NA,NA,NA,NA,NA,NA,NA,NA,NA,NA,NA,NA,NA,NA,NA,NA,NA,NA,NA,NA,NA,NA,NA,NA,NA,NA,NA,NA,NA,NA,NA,NA,NA,NA,NA,NA,NA,NA,NA,NA,NA,NA,NA,NA,NA,NA,NA,NA,NA,NA,NA,NA,NA,NA,NA,NA,NA,NA,NA,NA,NA,NA,NA,NA,NA,NA,NA,NA,NA,NA,NA,NA,NA,NA,NA,NA,NA,NA,NA,NA,NA,NA,NA,NA,NA,NA,NA,NA,NA,NA,NA,NA,NA,NA,NA,NA,NA,NA,NA,NA,NA,NA,NA,NA,NA,NA,NA,NA,NA,NA,NA,NA,NA,NA,NA,NA,NA,NA,NA,NA,NA,NA,NA,NA,NA,NA,NA,NA,NA,NA,NA,NA,NA,NA,NA,NA,NA,NA,NA,NA,NA,NA,NA,NA,NA,NA,NA,NA,NA,NA,NA,NA,NA,NA,NA,NA,NA,NA,NA,NA,NA,NA,NA,NA,NA,NA,NA,NA,NA,NA,NA,NA,NA,NA,NA,NA,NA,NA,NA,NA,NA,NA,NA,NA,NA,1,50,NA,1,50,NA,NA,NA,NA,NA,NA,NA,NA,NA,NA,NA,NA,NA,2,51,NA,NA,NA,NA,NA,NA,NA,NA,NA,NA,2,28,NA,1,20,NA,NA,NA,NA,NA,NA,NA,NA,NA,NA,NA,NA,NA,NA,NA,NA,NA,NA,NA,NA,NA,NA,NA,NA,NA,NA,NA,NA,NA,NA,NA,1,100,NA,1,93,NA,NA,NA,NA,NA,NA,NA,NA,NA,NA,"|3|4|25|13|26|14|9|15|15","|Derex2013|Duncan2012|Sparrow2011|Risen2008|Wilson2014|Shafir1993|Critcher2008|Zaval2014|Zaval2014",4,NA,NA,2
2019-04-10 08:22:47,2019-04-10 08:24:11,0,NA,67,84,0,2019-04-17 08:24:24,NA,NA,NA,NA,NA,NA,NA,"anonymous","NL",1,2,2,NA,NA,NA,NA,NA,NA,NA,NA,NA,NA,NA,NA,NA,NA,NA,NA,NA,NA,NA,NA,NA,NA,NA,NA,NA,NA,NA,NA,NA,NA,NA,NA,NA,NA,NA,NA,NA,NA,NA,NA,NA,NA,NA,NA,NA,NA,NA,NA,NA,NA,NA,NA,NA,NA,NA,NA,NA,NA,NA,NA,NA,NA,NA,NA,NA,NA,NA,NA,NA,NA,NA,NA,NA,NA,NA,NA,NA,NA,NA,NA,NA,NA,NA,NA,NA,NA,NA,NA,NA,NA,NA,NA,NA,NA,NA,NA,NA,NA,NA,NA,NA,NA,NA,NA,NA,NA,NA,NA,NA,NA,NA,NA,NA,NA,NA,NA,NA,NA,NA,NA,NA,NA,NA,NA,NA,NA,NA,NA,NA,NA,NA,NA,NA,NA,NA,NA,NA,NA,NA,NA,NA,NA,NA,NA,NA,NA,NA,NA,NA,NA,NA,NA,NA,NA,NA,NA,NA,NA,NA,NA,NA,NA,NA,NA,NA,NA,NA,NA,NA,NA,NA,NA,NA,NA,NA,NA,NA,NA,NA,NA,NA,NA,NA,NA,NA,NA,NA,NA,NA,NA,NA,NA,NA,NA,NA,NA,NA,NA,NA,NA,NA,NA,NA,NA,NA,NA,NA,NA,NA,NA,NA,NA,NA,NA,NA,NA,NA,NA,NA,NA,NA,NA,NA,NA,NA,NA,NA,NA,NA,NA,NA,NA,NA,NA,NA,NA,NA,NA,NA,NA,NA,NA,NA,NA,NA,NA,NA,NA,NA,NA,NA,NA,NA,NA,NA,NA,NA,NA,NA,NA,NA,NA,NA,NA,NA,NA,NA,NA,NA,NA,NA,NA,NA,NA,NA,NA,NA,NA,NA,NA,NA,NA,NA,NA,NA,NA,NA,NA,NA,NA,NA,NA,NA,NA,NA,NA,NA,NA,NA,NA,NA,NA,NA,NA,NA,NA,NA,NA,NA,NA,NA,NA,NA,NA,NA,NA,NA,NA,NA,NA,NA,NA,NA,NA,NA,NA,NA,NA,NA,NA,NA,NA,NA,NA,NA,NA,NA,NA,NA,NA,"|24","|Pyc2010",0,NA,NA,2
2019-04-09 16:22:00,2019-04-10 09:15:13,0,NA,67,60792,0,2019-04-17 09:15:23,NA,NA,NA,NA,NA,NA,NA,"anonymous","EN",1,2,2,NA,NA,NA,NA,NA,NA,NA,NA,NA,NA,NA,NA,NA,NA,NA,NA,NA,NA,NA,NA,NA,NA,NA,NA,NA,NA,NA,NA,NA,NA,NA,NA,NA,NA,NA,NA,NA,NA,NA,NA,NA,NA,NA,NA,NA,NA,NA,NA,NA,NA,NA,NA,NA,NA,NA,NA,NA,NA,NA,NA,NA,NA,NA,NA,NA,NA,NA,NA,NA,NA,NA,NA,NA,NA,NA,NA,NA,NA,NA,NA,NA,NA,NA,NA,NA,NA,NA,NA,NA,NA,NA,NA,NA,NA,NA,NA,NA,NA,NA,NA,NA,NA,NA,NA,NA,NA,NA,NA,NA,NA,NA,NA,NA,NA,NA,NA,NA,NA,NA,NA,NA,NA,NA,NA,NA,NA,NA,NA,NA,NA,NA,NA,NA,NA,NA,NA,NA,NA,NA,NA,NA,NA,NA,NA,NA,NA,NA,NA,NA,NA,NA,NA,NA,NA,NA,NA,NA,NA,NA,NA,NA,NA,NA,NA,NA,NA,NA,NA,NA,NA,NA,NA,NA,NA,NA,NA,NA,NA,NA,NA,NA,NA,NA,NA,NA,NA,NA,NA,NA,NA,NA,NA,NA,NA,NA,NA,NA,NA,NA,NA,NA,NA,NA,NA,NA,NA,NA,NA,NA,NA,NA,NA,NA,NA,NA,NA,NA,NA,NA,NA,NA,NA,NA,NA,NA,NA,NA,NA,NA,NA,NA,NA,NA,NA,NA,NA,NA,NA,NA,NA,NA,NA,NA,NA,NA,NA,NA,NA,NA,NA,NA,NA,NA,NA,NA,NA,NA,NA,NA,NA,NA,NA,NA,NA,NA,NA,NA,NA,NA,NA,NA,NA,NA,NA,NA,NA,NA,NA,NA,NA,NA,NA,NA,NA,NA,NA,NA,NA,NA,NA,NA,NA,NA,NA,NA,NA,NA,NA,NA,NA,NA,NA,NA,NA,NA,NA,NA,NA,NA,NA,NA,NA,NA,NA,NA,NA,NA,NA,NA,NA,NA,NA,NA,NA,NA,NA,NA,NA,NA,NA,NA,NA,NA,NA,NA,NA,NA,NA,NA,NA,"|21","|Lee2010",0,NA,NA,2
2019-04-17 09:42:36,2019-04-17 09:54:14,0,NA,100,697,1,2019-04-17 09:54:14,NA,NA,NA,NA,NA,NA,NA,"anonymous","EN",1,2,1,NA,1,93,NA,2,43,1,2,50,NA,2,44,NA,1,58,NA,1,88,NA,1,77,NA,2,60,NA,1,52,NA,1,85,NA,1,39,NA,1,62,NA,1,85,NA,2,25,NA,1,43,NA,2,69,NA,1,28,NA,2,40,NA,1,28,NA,1,54,NA,2,84,NA,2,50,NA,2,60,NA,1,100,NA,1,54,NA,1,89,NA,1,65,NA,2,75,NA,NA,NA,NA,NA,NA,NA,NA,NA,NA,NA,NA,NA,NA,NA,NA,NA,NA,NA,NA,NA,NA,NA,NA,NA,NA,NA,NA,NA,NA,NA,NA,NA,NA,NA,NA,NA,NA,NA,NA,NA,NA,NA,NA,NA,NA,NA,NA,NA,NA,NA,NA,NA,NA,NA,NA,NA,NA,NA,NA,NA,NA,NA,NA,NA,NA,NA,NA,NA,NA,NA,NA,NA,NA,NA,NA,NA,NA,NA,NA,NA,NA,NA,NA,NA,NA,NA,NA,NA,NA,NA,NA,NA,NA,NA,NA,NA,NA,NA,NA,NA,NA,NA,NA,NA,NA,NA,NA,NA,NA,NA,NA,NA,NA,NA,NA,NA,NA,NA,NA,NA,NA,NA,NA,NA,NA,NA,NA,NA,NA,NA,NA,NA,NA,NA,NA,NA,NA,NA,NA,NA,NA,NA,NA,NA,NA,NA,NA,NA,NA,NA,NA,NA,NA,NA,NA,NA,NA,NA,NA,NA,NA,NA,NA,NA,NA,NA,NA,NA,NA,NA,NA,NA,NA,NA,NA,NA,NA,NA,NA,NA,NA,NA,NA,NA,NA,NA,NA,NA,NA,NA,NA,NA,NA,NA,NA,NA,NA,NA,NA,NA,NA,NA,NA,NA,NA,NA,NA,NA,NA,NA,NA,NA,NA,NA,NA,NA,NA,NA,NA,NA,NA,NA,NA,NA,NA,NA,NA,NA,NA,NA,NA,NA,NA,NA,NA,NA,NA,NA,NA,NA,NA,NA,NA,NA,NA,NA,NA,NA,NA,NA,NA,1,5,5,NA,"|27|2|10|8|6|19|11|12|16|28|3|26|1|25|17|20|24|18|14|4|21|7|15|9|23|22|5|13","|Alter2007|Balafoutas2012|Karpicke2011|Bauer2012|Gneezy2014|Zhong2006|Anderson2012|Giessner2007|Tversky1978|Fakers2019|Derex2013|Wilson2014|Aviezer2012|Sparrow2011|Kidd2013|Kovac2012|Pyc2010|Shah2012|Shafir1993|Duncan2012|Lee2010|Hauser2014|Zaval2014|Critcher2008|Nishi2015|Morewedge2010|Gervais2012|Risen2008",13,NA,NA,1
2019-04-10 09:53:11,2019-04-10 10:22:49,0,NA,26,1777,0,2019-04-17 10:22:50,NA,NA,NA,NA,NA,NA,NA,"anonymous","EN",1,2,1,NA,1,100,NA,1,100,NA,NA,NA,NA,NA,NA,NA,NA,NA,NA,1,100,NA,NA,NA,NA,NA,NA,NA,NA,NA,NA,1,78,NA,NA,NA,NA,NA,NA,NA,2,68,NA,NA,NA,NA,2,70,NA,1,66,NA,NA,NA,NA,1,76,NA,1,70,NA,1,100,NA,2,40,NA,1,100,NA,NA,NA,NA,1,100,NA,2,100,NA,1,63,NA,1,100,NA,2,75,NA,NA,NA,NA,NA,NA,NA,NA,NA,NA,NA,NA,NA,NA,NA,NA,NA,NA,NA,NA,NA,NA,NA,NA,NA,NA,NA,NA,NA,NA,NA,NA,NA,NA,NA,NA,NA,NA,NA,NA,NA,NA,NA,NA,NA,NA,NA,NA,NA,NA,NA,NA,NA,NA,NA,NA,NA,NA,NA,NA,NA,NA,NA,NA,NA,NA,NA,NA,NA,NA,NA,NA,NA,NA,NA,NA,NA,NA,NA,NA,NA,NA,NA,NA,NA,NA,NA,NA,NA,NA,NA,NA,NA,NA,NA,NA,NA,NA,NA,NA,NA,NA,NA,NA,NA,NA,NA,NA,NA,NA,NA,NA,NA,NA,NA,NA,NA,NA,NA,NA,NA,NA,NA,NA,NA,NA,NA,NA,NA,NA,NA,NA,NA,NA,NA,NA,NA,NA,NA,NA,NA,NA,NA,NA,NA,NA,NA,NA,NA,NA,NA,NA,NA,NA,NA,NA,NA,NA,NA,NA,NA,NA,NA,NA,NA,NA,NA,NA,NA,NA,NA,NA,NA,NA,NA,NA,NA,NA,NA,NA,NA,NA,NA,NA,NA,NA,NA,NA,NA,NA,NA,NA,NA,NA,NA,NA,NA,NA,NA,NA,NA,NA,NA,NA,NA,NA,NA,NA,NA,NA,NA,NA,NA,NA,NA,NA,NA,NA,NA,NA,NA,NA,NA,NA,NA,NA,NA,NA,NA,NA,NA,NA,NA,NA,NA,NA,NA,NA,NA,NA,NA,NA,NA,NA,NA,NA,NA,NA,NA,NA,NA,NA,NA,NA,NA,NA,"|20|18|25|28|15|16|19|24|6|22|1|2|13|27|26|10|21","|Kovac2012|Shah2012|Sparrow2011|Fakers2019|Zaval2014|Tversky1978|Zhong2006|Pyc2010|Gneezy2014|Morewedge2010|Aviezer2012|Balafoutas2012|Risen2008|Alter2007|Wilson2014|Karpicke2011|Lee2010",12,NA,NA,1
2019-04-10 10:49:12,2019-04-10 10:49:48,0,NA,67,36,0,2019-04-17 10:49:51,NA,NA,NA,NA,NA,NA,NA,"anonymous","EN",1,2,2,NA,NA,NA,NA,NA,NA,NA,NA,NA,NA,NA,NA,NA,NA,NA,NA,NA,NA,NA,NA,NA,NA,NA,NA,NA,NA,NA,NA,NA,NA,NA,NA,NA,NA,NA,NA,NA,NA,NA,NA,NA,NA,NA,NA,NA,NA,NA,NA,NA,NA,NA,NA,NA,NA,NA,NA,NA,NA,NA,NA,NA,NA,NA,NA,NA,NA,NA,NA,NA,NA,NA,NA,NA,NA,NA,NA,NA,NA,NA,NA,NA,NA,NA,NA,NA,NA,NA,NA,NA,NA,NA,NA,NA,NA,NA,NA,NA,NA,NA,NA,NA,NA,NA,NA,NA,NA,NA,NA,NA,NA,NA,NA,NA,NA,NA,NA,NA,NA,NA,NA,NA,NA,NA,NA,NA,NA,NA,NA,NA,NA,NA,NA,NA,NA,NA,NA,NA,NA,NA,NA,NA,NA,NA,NA,NA,NA,NA,NA,NA,NA,NA,NA,NA,NA,NA,NA,NA,NA,NA,NA,NA,NA,NA,NA,NA,NA,NA,NA,NA,NA,NA,NA,NA,NA,NA,NA,NA,NA,NA,NA,NA,NA,NA,NA,NA,NA,NA,NA,NA,NA,NA,NA,NA,NA,NA,NA,NA,NA,NA,NA,NA,NA,NA,NA,NA,NA,NA,NA,NA,NA,NA,NA,NA,NA,NA,NA,NA,NA,NA,NA,NA,NA,NA,NA,NA,NA,NA,NA,NA,NA,NA,NA,NA,NA,NA,NA,NA,NA,NA,NA,NA,NA,NA,NA,NA,NA,NA,NA,NA,NA,NA,NA,NA,NA,NA,NA,NA,NA,NA,NA,NA,NA,NA,NA,NA,NA,NA,NA,NA,NA,NA,NA,NA,NA,NA,NA,NA,NA,NA,NA,NA,NA,NA,NA,NA,NA,NA,NA,NA,NA,NA,NA,NA,NA,NA,NA,NA,NA,NA,NA,NA,NA,NA,NA,NA,NA,NA,NA,NA,NA,NA,NA,NA,NA,NA,NA,NA,NA,NA,NA,NA,NA,NA,NA,NA,NA,NA,NA,NA,NA,NA,NA,NA,NA,NA,NA,NA,NA,NA,NA,"|17","|Kidd2013",0,NA,NA,2
2019-04-10 10:36:09,2019-04-10 10:59:03,0,NA,37,1373,0,2019-04-17 10:59:07,NA,NA,NA,NA,NA,NA,NA,"anonymous","NL",1,2,2,NA,NA,NA,NA,NA,NA,NA,NA,NA,NA,NA,NA,NA,NA,NA,NA,NA,NA,NA,NA,NA,NA,NA,NA,NA,NA,NA,NA,NA,NA,NA,NA,NA,NA,NA,NA,NA,NA,NA,NA,NA,NA,NA,NA,NA,NA,NA,NA,NA,NA,NA,NA,NA,NA,NA,NA,NA,NA,NA,NA,NA,NA,NA,NA,NA,NA,NA,NA,NA,NA,NA,NA,NA,NA,NA,NA,NA,NA,NA,NA,NA,NA,NA,NA,NA,1,18,NA,NA,NA,NA,NA,NA,NA,NA,NA,NA,NA,NA,NA,NA,NA,NA,NA,NA,NA,NA,NA,NA,NA,NA,NA,NA,NA,NA,NA,NA,NA,NA,NA,NA,NA,NA,NA,NA,NA,NA,NA,NA,NA,NA,NA,NA,NA,NA,NA,NA,NA,NA,NA,NA,NA,NA,NA,NA,NA,NA,NA,NA,NA,NA,NA,NA,NA,NA,NA,NA,NA,NA,NA,NA,NA,NA,NA,NA,NA,NA,NA,NA,NA,NA,NA,NA,NA,NA,NA,NA,NA,NA,NA,NA,NA,NA,NA,NA,NA,NA,NA,NA,NA,NA,NA,NA,NA,NA,NA,NA,NA,NA,NA,NA,NA,NA,NA,NA,NA,NA,NA,NA,NA,NA,NA,NA,NA,NA,NA,NA,NA,NA,NA,NA,NA,NA,NA,NA,NA,NA,NA,NA,NA,NA,NA,NA,NA,NA,NA,NA,NA,NA,NA,NA,NA,NA,NA,NA,NA,NA,NA,NA,NA,NA,NA,NA,NA,NA,NA,NA,NA,NA,NA,NA,NA,NA,NA,NA,NA,NA,NA,NA,NA,NA,NA,NA,NA,NA,NA,NA,NA,NA,NA,NA,NA,NA,NA,NA,NA,NA,NA,NA,NA,NA,NA,NA,NA,NA,NA,NA,NA,NA,NA,NA,NA,NA,NA,NA,NA,NA,NA,NA,NA,NA,NA,NA,NA,NA,NA,NA,NA,NA,NA,NA,NA,NA,NA,NA,NA,NA,NA,NA,NA,NA,NA,NA,NA,NA,NA,NA,NA,NA,NA,"|1|2","|Aviezer2012|Balafoutas2012",1,NA,NA,1
2019-04-10 11:17:39,2019-04-10 11:17:46,0,NA,7,6,0,2019-04-17 11:17:47,NA,NA,NA,NA,NA,NA,NA,"anonymous","NL",1,NA,NA,NA,NA,NA,NA,NA,NA,NA,NA,NA,NA,NA,NA,NA,NA,NA,NA,NA,NA,NA,NA,NA,NA,NA,NA,NA,NA,NA,NA,NA,NA,NA,NA,NA,NA,NA,NA,NA,NA,NA,NA,NA,NA,NA,NA,NA,NA,NA,NA,NA,NA,NA,NA,NA,NA,NA,NA,NA,NA,NA,NA,NA,NA,NA,NA,NA,NA,NA,NA,NA,NA,NA,NA,NA,NA,NA,NA,NA,NA,NA,NA,NA,NA,NA,NA,NA,NA,NA,NA,NA,NA,NA,NA,NA,NA,NA,NA,NA,NA,NA,NA,NA,NA,NA,NA,NA,NA,NA,NA,NA,NA,NA,NA,NA,NA,NA,NA,NA,NA,NA,NA,NA,NA,NA,NA,NA,NA,NA,NA,NA,NA,NA,NA,NA,NA,NA,NA,NA,NA,NA,NA,NA,NA,NA,NA,NA,NA,NA,NA,NA,NA,NA,NA,NA,NA,NA,NA,NA,NA,NA,NA,NA,NA,NA,NA,NA,NA,NA,NA,NA,NA,NA,NA,NA,NA,NA,NA,NA,NA,NA,NA,NA,NA,NA,NA,NA,NA,NA,NA,NA,NA,NA,NA,NA,NA,NA,NA,NA,NA,NA,NA,NA,NA,NA,NA,NA,NA,NA,NA,NA,NA,NA,NA,NA,NA,NA,NA,NA,NA,NA,NA,NA,NA,NA,NA,NA,NA,NA,NA,NA,NA,NA,NA,NA,NA,NA,NA,NA,NA,NA,NA,NA,NA,NA,NA,NA,NA,NA,NA,NA,NA,NA,NA,NA,NA,NA,NA,NA,NA,NA,NA,NA,NA,NA,NA,NA,NA,NA,NA,NA,NA,NA,NA,NA,NA,NA,NA,NA,NA,NA,NA,NA,NA,NA,NA,NA,NA,NA,NA,NA,NA,NA,NA,NA,NA,NA,NA,NA,NA,NA,NA,NA,NA,NA,NA,NA,NA,NA,NA,NA,NA,NA,NA,NA,NA,NA,NA,NA,NA,NA,NA,NA,NA,NA,NA,NA,NA,NA,NA,NA,NA,NA,NA,NA,NA,NA,NA,NA,NA,NA,NA,NA,NA,0,NA,NA,NA
2019-04-10 14:28:43,2019-04-10 14:29:44,0,NA,26,61,0,2019-04-17 14:30:26,NA,NA,NA,NA,NA,NA,NA,"anonymous","EN",1,2,1,NA,NA,NA,NA,NA,NA,NA,NA,NA,NA,NA,NA,NA,NA,NA,NA,NA,NA,NA,NA,NA,NA,NA,NA,NA,NA,NA,NA,NA,NA,NA,NA,NA,NA,NA,NA,NA,NA,NA,NA,NA,NA,NA,NA,NA,NA,NA,NA,NA,NA,NA,NA,NA,NA,NA,NA,NA,NA,NA,NA,NA,NA,NA,NA,NA,NA,NA,NA,NA,NA,NA,NA,NA,NA,NA,NA,NA,NA,NA,NA,NA,NA,2,75,NA,NA,NA,NA,NA,NA,NA,NA,NA,NA,NA,NA,NA,NA,NA,NA,NA,NA,NA,NA,NA,NA,NA,NA,NA,NA,NA,NA,NA,NA,NA,NA,NA,NA,NA,NA,NA,NA,NA,NA,NA,NA,NA,NA,NA,NA,NA,NA,NA,NA,NA,NA,NA,NA,NA,NA,NA,NA,NA,NA,NA,NA,NA,NA,NA,NA,NA,NA,NA,NA,NA,NA,NA,NA,NA,NA,NA,NA,NA,NA,NA,NA,NA,NA,NA,NA,NA,NA,NA,NA,NA,NA,NA,NA,NA,NA,NA,NA,NA,NA,NA,NA,NA,NA,NA,NA,NA,NA,NA,NA,NA,NA,NA,NA,NA,NA,NA,NA,NA,NA,NA,NA,NA,NA,NA,NA,NA,NA,NA,NA,NA,NA,NA,NA,NA,NA,NA,NA,NA,NA,NA,NA,NA,NA,NA,NA,NA,NA,NA,NA,NA,NA,NA,NA,NA,NA,NA,NA,NA,NA,NA,NA,NA,NA,NA,NA,NA,NA,NA,NA,NA,NA,NA,NA,NA,NA,NA,NA,NA,NA,NA,NA,NA,NA,NA,NA,NA,NA,NA,NA,NA,NA,NA,NA,NA,NA,NA,NA,NA,NA,NA,NA,NA,NA,NA,NA,NA,NA,NA,NA,NA,NA,NA,NA,NA,NA,NA,NA,NA,NA,NA,NA,NA,NA,NA,NA,NA,NA,NA,NA,NA,NA,NA,NA,NA,NA,NA,NA,NA,NA,NA,NA,NA,NA,NA,NA,NA,NA,NA,NA,NA,NA,NA,NA,NA,NA,"|28|20","|Fakers2019|Kovac2012",1,NA,NA,1
2019-04-10 14:08:33,2019-04-10 14:30:24,0,NA,56,1310,0,2019-04-17 14:30:26,NA,NA,NA,NA,NA,NA,NA,"anonymous","EN",1,2,1,NA,NA,NA,NA,NA,NA,NA,NA,NA,NA,NA,NA,NA,NA,NA,NA,NA,NA,NA,NA,NA,NA,NA,NA,NA,NA,NA,NA,NA,NA,NA,NA,NA,NA,NA,NA,NA,NA,NA,NA,NA,NA,NA,NA,NA,NA,NA,NA,NA,NA,NA,NA,NA,NA,NA,NA,NA,NA,NA,NA,NA,NA,NA,NA,NA,NA,NA,NA,NA,NA,NA,NA,NA,NA,NA,NA,NA,NA,NA,NA,NA,NA,NA,NA,NA,NA,NA,NA,NA,NA,NA,NA,NA,NA,NA,NA,NA,NA,NA,NA,NA,NA,NA,NA,NA,NA,NA,NA,NA,NA,NA,NA,NA,NA,NA,NA,NA,NA,NA,NA,NA,NA,NA,NA,NA,NA,NA,NA,NA,NA,NA,NA,NA,NA,NA,NA,NA,NA,NA,NA,NA,NA,NA,NA,NA,NA,NA,NA,NA,NA,NA,NA,NA,NA,NA,NA,NA,NA,NA,NA,NA,NA,NA,NA,NA,NA,NA,NA,NA,NA,NA,NA,NA,NA,NA,1,100,NA,NA,NA,NA,NA,NA,NA,NA,NA,NA,NA,NA,NA,NA,NA,NA,NA,NA,NA,NA,NA,NA,NA,NA,NA,NA,NA,NA,NA,NA,NA,NA,NA,NA,NA,NA,NA,2,53,NA,1,51,NA,2,69,NA,NA,NA,NA,2,80,NA,NA,NA,NA,NA,NA,NA,NA,NA,NA,NA,NA,NA,NA,NA,NA,NA,NA,NA,NA,NA,NA,NA,NA,NA,NA,NA,NA,NA,NA,NA,NA,NA,NA,NA,NA,NA,NA,NA,NA,NA,NA,NA,NA,NA,NA,NA,NA,NA,NA,NA,NA,NA,NA,NA,NA,NA,NA,NA,NA,NA,NA,NA,NA,NA,NA,NA,NA,NA,NA,NA,NA,NA,NA,NA,NA,NA,NA,NA,NA,NA,NA,NA,NA,NA,NA,NA,NA,NA,NA,NA,NA,NA,NA,NA,NA,NA,NA,NA,NA,NA,NA,NA,NA,NA,NA,NA,NA,NA,NA,NA,NA,"|20|3|17|16|18|12","|Kovac2012|Derex2013|Kidd2013|Tversky1978|Shah2012|Giessner2007",3,NA,NA,2
2019-04-10 15:43:50,2019-04-10 15:51:28,0,NA,56,458,0,2019-04-17 15:51:39,NA,NA,NA,NA,NA,NA,NA,"anonymous","EN",1,2,1,NA,NA,NA,NA,NA,NA,NA,NA,NA,NA,NA,NA,NA,NA,NA,NA,NA,NA,NA,NA,NA,NA,NA,NA,NA,NA,NA,NA,NA,NA,NA,NA,NA,NA,NA,NA,NA,NA,NA,NA,NA,NA,NA,NA,NA,NA,NA,NA,NA,NA,NA,NA,NA,NA,NA,NA,NA,NA,NA,NA,NA,NA,NA,NA,NA,NA,NA,NA,NA,NA,NA,NA,NA,NA,NA,NA,NA,NA,NA,NA,NA,NA,NA,NA,NA,NA,NA,NA,NA,NA,NA,NA,NA,NA,NA,NA,NA,NA,NA,NA,NA,NA,NA,NA,NA,NA,NA,NA,NA,NA,NA,NA,NA,NA,NA,NA,NA,NA,NA,NA,NA,NA,NA,NA,NA,NA,NA,NA,NA,NA,NA,NA,NA,NA,NA,NA,NA,NA,NA,NA,NA,NA,NA,NA,NA,NA,NA,NA,NA,NA,NA,NA,NA,NA,NA,NA,NA,NA,NA,NA,NA,NA,NA,NA,NA,NA,NA,NA,NA,1,100,NA,NA,NA,NA,NA,NA,NA,NA,NA,NA,NA,NA,NA,NA,NA,NA,NA,NA,NA,NA,NA,NA,NA,NA,NA,NA,NA,NA,NA,NA,NA,NA,NA,NA,NA,NA,NA,2,22,NA,NA,NA,NA,NA,NA,NA,NA,NA,NA,2,49,NA,NA,NA,NA,NA,NA,NA,NA,NA,NA,2,65,NA,NA,NA,NA,NA,NA,NA,NA,NA,NA,NA,NA,NA,NA,NA,NA,2,75,NA,NA,NA,NA,NA,NA,NA,NA,NA,NA,NA,NA,NA,NA,NA,NA,NA,NA,NA,NA,NA,NA,NA,NA,NA,NA,NA,NA,NA,NA,NA,NA,NA,NA,NA,NA,NA,NA,NA,NA,NA,NA,NA,NA,NA,NA,NA,NA,NA,NA,NA,NA,NA,NA,NA,NA,NA,NA,NA,NA,NA,NA,NA,NA,NA,NA,NA,NA,NA,NA,NA,NA,NA,NA,NA,NA,NA,NA,NA,NA,NA,NA,NA,NA,NA,NA,NA,NA,"|22|28|18|1|14|21","|Morewedge2010|Fakers2019|Shah2012|Aviezer2012|Shafir1993|Lee2010",4,NA,NA,2
2019-04-15 10:40:28,2019-04-18 11:19:02,0,NA,100,261513,1,2019-04-18 11:19:03,NA,NA,NA,NA,NA,NA,NA,"anonymous","NL",1,2,1,NA,1,35,NA,2,26,NA,1,93,NA,2,41,NA,2,85,NA,1,95,NA,1,100,NA,2,65,NA,1,53,1,2,3,NA,1,85,NA,2,44,NA,1,58,NA,1,90,NA,2,85,NA,2,88,NA,2,84,NA,2,72,NA,2,90,NA,1,97,1,2,9,NA,1,61,NA,1,95,NA,1,30,NA,2,50,NA,1,95,NA,2,53,NA,2,75,NA,NA,NA,NA,NA,NA,NA,NA,NA,NA,NA,NA,NA,NA,NA,NA,NA,NA,NA,NA,NA,NA,NA,NA,NA,NA,NA,NA,NA,NA,NA,NA,NA,NA,NA,NA,NA,NA,NA,NA,NA,NA,NA,NA,NA,NA,NA,NA,NA,NA,NA,NA,NA,NA,NA,NA,NA,NA,NA,NA,NA,NA,NA,NA,NA,NA,NA,NA,NA,NA,NA,NA,NA,NA,NA,NA,NA,NA,NA,NA,NA,NA,NA,NA,NA,NA,NA,NA,NA,NA,NA,NA,NA,NA,NA,NA,NA,NA,NA,NA,NA,NA,NA,NA,NA,NA,NA,NA,NA,NA,NA,NA,NA,NA,NA,NA,NA,NA,NA,NA,NA,NA,NA,NA,NA,NA,NA,NA,NA,NA,NA,NA,NA,NA,NA,NA,NA,NA,NA,NA,NA,NA,NA,NA,NA,NA,NA,NA,NA,NA,NA,NA,NA,NA,NA,NA,NA,NA,NA,NA,NA,NA,NA,NA,NA,NA,NA,NA,NA,NA,NA,NA,NA,NA,NA,NA,NA,NA,NA,NA,NA,NA,NA,NA,NA,NA,NA,NA,NA,NA,NA,NA,NA,NA,NA,NA,NA,NA,NA,NA,NA,NA,NA,NA,NA,NA,NA,NA,NA,NA,NA,NA,NA,NA,NA,NA,NA,NA,NA,NA,NA,NA,NA,NA,NA,NA,NA,NA,NA,NA,NA,NA,NA,NA,NA,NA,NA,NA,NA,NA,NA,NA,NA,NA,NA,NA,NA,NA,NA,NA,NA,NA,2,5,3,NA,"|25|25|25|11|14|2|6|15|16|18|22|26|10|20|9|17|13|19|27|7|3|8|23|24|12|5|1|4|21|28","|Sparrow2011|Sparrow2011|Sparrow2011|Anderson2012|Shafir1993|Balafoutas2012|Gneezy2014|Zaval2014|Tversky1978|Shah2012|Morewedge2010|Wilson2014|Karpicke2011|Kovac2012|Critcher2008|Kidd2013|Risen2008|Zhong2006|Alter2007|Hauser2014|Derex2013|Bauer2012|Nishi2015|Pyc2010|Giessner2007|Gervais2012|Aviezer2012|Duncan2012|Lee2010|Fakers2019",21,NA,NA,1
2019-04-11 11:32:12,2019-04-11 11:32:52,0,NA,15,40,0,2019-04-18 11:33:15,NA,NA,NA,NA,NA,NA,NA,"anonymous","NL",1,2,2,NA,NA,NA,NA,NA,NA,NA,NA,NA,NA,NA,NA,NA,NA,NA,NA,NA,NA,NA,NA,NA,NA,NA,NA,NA,NA,NA,NA,NA,NA,NA,NA,NA,NA,NA,NA,NA,NA,NA,NA,NA,NA,NA,NA,NA,NA,NA,NA,NA,NA,NA,NA,NA,NA,NA,NA,NA,NA,NA,NA,NA,NA,NA,NA,NA,NA,NA,NA,NA,NA,NA,NA,NA,NA,NA,NA,NA,NA,NA,NA,NA,NA,NA,NA,NA,NA,NA,NA,NA,NA,NA,NA,NA,NA,NA,NA,NA,NA,NA,NA,NA,NA,NA,NA,NA,NA,NA,NA,NA,NA,NA,NA,NA,NA,NA,NA,NA,NA,NA,NA,NA,NA,NA,NA,NA,NA,NA,NA,NA,NA,NA,NA,NA,NA,NA,NA,NA,NA,NA,NA,NA,NA,NA,NA,NA,NA,NA,NA,NA,NA,NA,NA,NA,NA,NA,NA,NA,NA,NA,NA,NA,NA,NA,NA,NA,NA,NA,NA,NA,NA,NA,NA,NA,NA,NA,NA,NA,NA,NA,NA,NA,NA,NA,NA,NA,NA,NA,NA,NA,NA,NA,NA,NA,NA,NA,NA,NA,NA,NA,NA,NA,NA,NA,NA,NA,NA,NA,NA,NA,NA,NA,NA,NA,NA,NA,NA,NA,NA,NA,NA,NA,NA,NA,NA,NA,NA,NA,NA,NA,NA,NA,NA,NA,NA,NA,NA,NA,NA,NA,NA,NA,NA,NA,NA,NA,NA,NA,NA,NA,NA,NA,NA,NA,NA,NA,NA,NA,NA,NA,NA,NA,NA,NA,NA,NA,NA,NA,NA,NA,NA,NA,NA,NA,NA,NA,NA,NA,NA,NA,NA,NA,NA,NA,NA,NA,NA,NA,NA,NA,NA,NA,NA,NA,NA,NA,NA,NA,NA,NA,NA,NA,NA,NA,NA,NA,NA,NA,NA,NA,NA,NA,NA,NA,NA,NA,NA,NA,NA,NA,NA,NA,NA,NA,NA,NA,NA,NA,NA,NA,NA,NA,NA,NA,NA,NA,NA,NA,NA,NA,NA,NA,NA,0,NA,NA,1
2019-04-11 12:59:18,2019-04-11 13:05:41,0,NA,67,383,0,2019-04-18 13:06:03,NA,NA,NA,NA,NA,NA,NA,"anonymous","NL",1,2,2,NA,NA,NA,NA,NA,NA,NA,NA,NA,NA,NA,NA,NA,NA,NA,NA,NA,NA,NA,NA,NA,NA,NA,NA,NA,NA,NA,NA,NA,NA,NA,NA,NA,NA,NA,NA,NA,NA,NA,NA,NA,NA,NA,NA,NA,NA,NA,NA,NA,NA,NA,NA,NA,NA,NA,NA,NA,NA,NA,NA,NA,NA,NA,NA,NA,NA,NA,NA,NA,NA,NA,NA,NA,NA,NA,NA,NA,NA,NA,NA,NA,NA,NA,NA,NA,NA,NA,NA,NA,NA,NA,NA,NA,NA,NA,NA,NA,NA,NA,NA,NA,NA,NA,NA,NA,NA,NA,NA,NA,NA,NA,NA,NA,NA,NA,NA,NA,NA,NA,NA,NA,NA,NA,NA,NA,NA,NA,NA,NA,NA,NA,NA,NA,NA,NA,NA,NA,NA,NA,NA,NA,NA,NA,NA,NA,NA,NA,NA,NA,NA,NA,NA,NA,NA,NA,NA,NA,NA,NA,NA,NA,NA,NA,NA,NA,NA,NA,NA,NA,NA,NA,NA,NA,NA,NA,NA,NA,NA,NA,NA,NA,NA,NA,NA,NA,NA,NA,NA,NA,NA,NA,NA,NA,NA,NA,NA,NA,NA,NA,NA,NA,NA,NA,NA,NA,NA,NA,NA,NA,NA,NA,NA,NA,NA,NA,NA,NA,NA,NA,NA,NA,NA,NA,NA,NA,NA,NA,NA,NA,NA,NA,NA,NA,NA,NA,NA,NA,NA,NA,NA,NA,NA,NA,NA,NA,NA,NA,NA,NA,NA,NA,NA,NA,NA,NA,NA,NA,NA,NA,NA,NA,NA,NA,NA,NA,NA,NA,NA,NA,NA,NA,NA,NA,NA,NA,NA,NA,NA,NA,NA,NA,NA,NA,NA,NA,NA,NA,NA,NA,NA,NA,NA,NA,NA,NA,NA,NA,NA,NA,NA,NA,NA,NA,NA,NA,NA,NA,NA,NA,NA,NA,NA,NA,NA,NA,NA,2,84,NA,NA,NA,NA,NA,NA,NA,NA,NA,NA,NA,NA,NA,2,32,NA,2,75,NA,NA,NA,NA,"|27|28|22","|Alter2007|Fakers2019|Morewedge2010",2,NA,NA,2
2019-04-15 15:56:45,2019-04-15 23:01:38,0,NA,89,25493,0,2019-04-19 09:19:14,NA,NA,NA,NA,NA,NA,NA,"anonymous","NL",1,2,2,NA,NA,NA,NA,NA,NA,NA,NA,NA,NA,NA,NA,NA,NA,NA,NA,NA,NA,NA,NA,NA,NA,NA,NA,NA,NA,NA,NA,NA,NA,NA,NA,NA,NA,NA,NA,NA,NA,NA,NA,NA,NA,NA,NA,NA,NA,NA,NA,NA,NA,NA,NA,NA,NA,NA,NA,NA,NA,NA,NA,NA,NA,NA,NA,NA,NA,NA,NA,NA,NA,NA,NA,NA,NA,NA,NA,NA,NA,NA,NA,NA,NA,NA,NA,NA,1,91,NA,1,100,1,2,50,NA,1,81,NA,2,88,NA,1,50,NA,1,100,NA,1,100,NA,2,99,1,1,100,NA,1,80,NA,1,90,NA,1,90,NA,1,90,NA,1,50,NA,1,60,NA,2,51,NA,2,50,NA,1,50,1,1,49,1,2,52,NA,1,50,NA,1,50,NA,1,90,1,2,50,NA,1,80,NA,1,50,NA,2,75,NA,NA,NA,NA,NA,NA,NA,NA,NA,NA,NA,NA,NA,NA,NA,NA,NA,NA,NA,NA,NA,NA,NA,NA,NA,NA,NA,NA,NA,NA,NA,NA,NA,NA,NA,NA,NA,NA,NA,NA,NA,NA,NA,NA,NA,NA,NA,NA,NA,NA,NA,NA,NA,NA,NA,NA,NA,NA,NA,NA,NA,NA,NA,NA,NA,NA,NA,NA,NA,NA,NA,NA,NA,NA,NA,NA,NA,NA,NA,NA,NA,NA,NA,NA,NA,NA,NA,NA,NA,NA,NA,NA,NA,NA,NA,NA,NA,NA,NA,NA,NA,NA,NA,NA,NA,NA,NA,NA,NA,NA,NA,NA,NA,NA,NA,NA,NA,NA,NA,NA,NA,NA,NA,NA,NA,NA,NA,NA,NA,NA,NA,NA,NA,NA,NA,NA,NA,NA,NA,NA,NA,NA,NA,NA,NA,NA,NA,NA,NA,NA,NA,NA,NA,NA,NA,NA,NA,NA,NA,NA,NA,NA,NA,NA,NA,NA,NA,NA,2,5,NA,NA,"|1|2|3|4|5|6|7|8|9|10|11|12|13|14|15|16|17|18|19|20|21|22|23|24|25|26|27|28","|Aviezer2012|Balafoutas2012|Derex2013|Duncan2012|Gervais2012|Gneezy2014|Hauser2014|Bauer2012|Critcher2008|Karpicke2011|Anderson2012|Giessner2007|Risen2008|Shafir1993|Zaval2014|Tversky1978|Kidd2013|Shah2012|Zhong2006|Kovac2012|Lee2010|Morewedge2010|Nishi2015|Pyc2010|Sparrow2011|Wilson2014|Alter2007|Fakers2019",20,NA,NA,1
2019-04-14 20:11:10,2019-04-14 20:44:48,0,NA,89,2018,0,2019-04-19 09:19:20,NA,NA,NA,NA,NA,NA,NA,"anonymous","EN",1,2,2,NA,NA,NA,NA,NA,NA,NA,NA,NA,NA,NA,NA,NA,NA,NA,NA,NA,NA,NA,NA,NA,NA,NA,NA,NA,NA,NA,NA,NA,NA,NA,NA,NA,NA,NA,NA,NA,NA,NA,NA,NA,NA,NA,NA,NA,NA,NA,NA,NA,NA,NA,NA,NA,NA,NA,NA,NA,NA,NA,NA,NA,NA,NA,NA,NA,NA,NA,NA,NA,NA,NA,NA,NA,NA,NA,NA,NA,NA,NA,NA,NA,NA,NA,NA,NA,NA,NA,NA,NA,NA,NA,NA,NA,NA,NA,NA,NA,NA,NA,NA,NA,NA,NA,NA,NA,NA,NA,NA,NA,NA,NA,NA,NA,NA,NA,NA,NA,NA,NA,NA,NA,NA,NA,NA,NA,NA,NA,NA,NA,NA,NA,NA,NA,NA,NA,NA,NA,NA,NA,NA,NA,NA,NA,NA,NA,NA,NA,NA,NA,NA,NA,NA,NA,NA,NA,NA,NA,NA,NA,NA,NA,NA,NA,NA,NA,NA,NA,NA,NA,NA,NA,NA,NA,NA,NA,NA,NA,NA,NA,NA,NA,NA,NA,NA,NA,NA,NA,NA,NA,NA,NA,NA,NA,NA,NA,NA,NA,NA,NA,NA,NA,NA,NA,NA,NA,NA,NA,NA,NA,NA,NA,NA,NA,NA,NA,NA,NA,NA,NA,NA,NA,NA,NA,NA,NA,NA,NA,NA,NA,NA,NA,NA,NA,NA,NA,NA,NA,NA,NA,NA,NA,NA,NA,NA,NA,NA,NA,NA,NA,NA,NA,NA,NA,1,85,NA,1,88,1,2,91,NA,1,56,NA,2,80,NA,1,98,NA,1,91,NA,1,78,NA,1,83,NA,1,95,1,1,78,NA,2,75,NA,1,86,1,2,67,NA,1,78,NA,1,89,NA,1,78,NA,2,51,NA,1,91,1,2,52,NA,1,54,NA,1,87,NA,2,69,NA,1,88,1,2,87,NA,1,93,NA,1,57,NA,1,66,2,5,NA,NA,"|3|20|10|22|6|18|16|1|4|28|9|7|24|5|8|13|19|12|25|11|26|15|2|17|23|21|27|14","|Derex2013|Kovac2012|Karpicke2011|Morewedge2010|Gneezy2014|Shah2012|Tversky1978|Aviezer2012|Duncan2012|Fakers2019|Critcher2008|Hauser2014|Pyc2010|Gervais2012|Bauer2012|Risen2008|Zhong2006|Giessner2007|Sparrow2011|Anderson2012|Wilson2014|Zaval2014|Balafoutas2012|Kidd2013|Nishi2015|Lee2010|Alter2007|Shafir1993",16,NA,NA,2
2019-04-12 16:14:02,2019-04-12 16:14:43,0,NA,67,41,0,2019-04-19 16:14:47,NA,NA,NA,NA,NA,NA,NA,"anonymous","NL",1,2,2,NA,NA,NA,NA,NA,NA,NA,NA,NA,NA,NA,NA,NA,NA,NA,NA,NA,NA,NA,NA,NA,NA,NA,NA,NA,NA,NA,NA,NA,NA,NA,NA,NA,NA,NA,NA,NA,NA,NA,NA,NA,NA,NA,NA,NA,NA,NA,NA,NA,NA,NA,NA,NA,NA,NA,NA,NA,NA,NA,NA,NA,NA,NA,NA,NA,NA,NA,NA,NA,NA,NA,NA,NA,NA,NA,NA,NA,NA,NA,NA,NA,NA,NA,NA,NA,NA,NA,NA,NA,NA,NA,NA,NA,NA,NA,NA,NA,NA,NA,NA,NA,NA,NA,NA,NA,NA,NA,NA,NA,NA,NA,NA,NA,NA,NA,NA,NA,NA,NA,NA,NA,NA,NA,NA,NA,NA,NA,NA,NA,NA,NA,NA,NA,NA,NA,NA,NA,NA,NA,NA,NA,NA,NA,NA,NA,NA,NA,NA,NA,NA,NA,NA,NA,NA,NA,NA,NA,NA,NA,NA,NA,NA,NA,NA,NA,NA,NA,NA,NA,NA,NA,NA,NA,NA,NA,NA,NA,NA,NA,NA,NA,NA,NA,NA,NA,NA,NA,NA,NA,NA,NA,NA,NA,NA,NA,NA,NA,NA,NA,NA,NA,NA,NA,NA,NA,NA,NA,NA,NA,NA,NA,NA,NA,NA,NA,NA,NA,NA,NA,NA,NA,NA,NA,NA,NA,NA,NA,NA,NA,NA,NA,NA,NA,NA,NA,NA,NA,NA,NA,NA,NA,NA,NA,NA,NA,NA,NA,NA,NA,NA,NA,NA,NA,NA,NA,NA,NA,NA,NA,NA,NA,NA,NA,NA,NA,NA,NA,NA,NA,NA,NA,NA,NA,NA,NA,NA,NA,NA,NA,NA,NA,NA,NA,NA,NA,NA,NA,NA,NA,NA,NA,NA,NA,NA,NA,NA,NA,NA,NA,NA,NA,NA,NA,NA,NA,NA,NA,NA,NA,NA,NA,NA,NA,NA,NA,NA,NA,NA,NA,NA,NA,NA,NA,NA,NA,NA,NA,NA,NA,NA,NA,NA,NA,NA,NA,NA,NA,NA,NA,NA,NA,NA,0,NA,NA,2
2019-04-19 20:08:25,2019-04-19 20:53:54,0,NA,100,2729,1,2019-04-19 20:53:55,NA,NA,NA,NA,NA,NA,NA,"anonymous","EN",1,2,1,NA,1,81,NA,1,65,NA,1,75,NA,2,81,NA,2,83,NA,1,85,NA,1,51,1,1,66,NA,1,71,NA,1,83,NA,1,99,NA,1,50,NA,1,75,NA,1,69,NA,1,56,NA,2,66,NA,1,83,NA,2,13,NA,2,80,NA,2,50,1,2,6,NA,2,72,NA,1,50,1,2,21,NA,2,74,NA,1,65,NA,1,78,NA,2,75,NA,NA,NA,NA,NA,NA,NA,NA,NA,NA,NA,NA,NA,NA,NA,NA,NA,NA,NA,NA,NA,NA,NA,NA,NA,NA,NA,NA,NA,NA,NA,NA,NA,NA,NA,NA,NA,NA,NA,NA,NA,NA,NA,NA,NA,NA,NA,NA,NA,NA,NA,NA,NA,NA,NA,NA,NA,NA,NA,NA,NA,NA,NA,NA,NA,NA,NA,NA,NA,NA,NA,NA,NA,NA,NA,NA,NA,NA,NA,NA,NA,NA,NA,NA,NA,NA,NA,NA,NA,NA,NA,NA,NA,NA,NA,NA,NA,NA,NA,NA,NA,NA,NA,NA,NA,NA,NA,NA,NA,NA,NA,NA,NA,NA,NA,NA,NA,NA,NA,NA,NA,NA,NA,NA,NA,NA,NA,NA,NA,NA,NA,NA,NA,NA,NA,NA,NA,NA,NA,NA,NA,NA,NA,NA,NA,NA,NA,NA,NA,NA,NA,NA,NA,NA,NA,NA,NA,NA,NA,NA,NA,NA,NA,NA,NA,NA,NA,NA,NA,NA,NA,NA,NA,NA,NA,NA,NA,NA,NA,NA,NA,NA,NA,NA,NA,NA,NA,NA,NA,NA,NA,NA,NA,NA,NA,NA,NA,NA,NA,NA,NA,NA,NA,NA,NA,NA,NA,NA,NA,NA,NA,NA,NA,NA,NA,NA,NA,NA,NA,NA,NA,NA,NA,NA,NA,NA,NA,NA,NA,NA,NA,NA,NA,NA,NA,NA,NA,NA,NA,NA,NA,NA,NA,NA,NA,NA,NA,NA,NA,NA,NA,NA,2,5,5,NA,"|16|19|17|12|21|20|26|23|2|14|3|11|10|18|9|24|1|28|8|27|5|15|6|4|25|22|13|7","|Tversky1978|Zhong2006|Kidd2013|Giessner2007|Lee2010|Kovac2012|Wilson2014|Nishi2015|Balafoutas2012|Shafir1993|Derex2013|Anderson2012|Karpicke2011|Shah2012|Critcher2008|Pyc2010|Aviezer2012|Fakers2019|Bauer2012|Alter2007|Gervais2012|Zaval2014|Gneezy2014|Duncan2012|Sparrow2011|Morewedge2010|Risen2008|Hauser2014",17,NA,NA,1
2019-04-19 20:16:22,2019-04-19 21:25:43,0,NA,100,4160,1,2019-04-19 21:25:43,NA,NA,NA,NA,NA,NA,NA,"anonymous","EN",1,2,1,NA,NA,NA,NA,NA,NA,NA,NA,NA,NA,NA,NA,NA,NA,NA,NA,NA,NA,NA,NA,NA,NA,NA,NA,NA,NA,NA,NA,NA,NA,NA,NA,NA,NA,NA,NA,NA,NA,NA,NA,NA,NA,NA,NA,NA,NA,NA,NA,NA,NA,NA,NA,NA,NA,NA,NA,NA,NA,NA,NA,NA,NA,NA,NA,NA,NA,NA,NA,NA,NA,NA,NA,NA,NA,NA,NA,NA,NA,NA,NA,NA,NA,NA,NA,NA,NA,NA,NA,NA,NA,NA,NA,NA,NA,NA,NA,NA,NA,NA,NA,NA,NA,NA,NA,NA,NA,NA,NA,NA,NA,NA,NA,NA,NA,NA,NA,NA,NA,NA,NA,NA,NA,NA,NA,NA,NA,NA,NA,NA,NA,NA,NA,NA,NA,NA,NA,NA,NA,NA,NA,NA,NA,NA,NA,NA,NA,NA,NA,NA,NA,NA,NA,NA,NA,NA,NA,NA,NA,NA,NA,NA,NA,NA,NA,NA,NA,NA,NA,NA,2,72,NA,1,38,NA,2,35,NA,2,47,NA,2,100,NA,1,62,NA,2,59,NA,2,58,NA,2,100,NA,2,66,NA,1,44,NA,2,68,NA,2,61,NA,2,54,NA,1,42,NA,2,71,NA,2,91,NA,2,67,NA,1,57,NA,2,99,NA,2,96,NA,2,54,NA,1,71,NA,1,81,NA,2,75,NA,2,74,NA,2,88,NA,2,75,NA,NA,NA,NA,NA,NA,NA,NA,NA,NA,NA,NA,NA,NA,NA,NA,NA,NA,NA,NA,NA,NA,NA,NA,NA,NA,NA,NA,NA,NA,NA,NA,NA,NA,NA,NA,NA,NA,NA,NA,NA,NA,NA,NA,NA,NA,NA,NA,NA,NA,NA,NA,NA,NA,NA,NA,NA,NA,NA,NA,NA,NA,NA,NA,NA,NA,NA,NA,NA,NA,NA,NA,NA,NA,NA,NA,NA,NA,NA,NA,NA,NA,NA,NA,2,5,5,NA,"|28|16|24|3|25|26|10|18|9|20|12|22|4|14|27|5|6|8|11|7|1|15|13|2|21|19|23|17","|Fakers2019|Tversky1978|Pyc2010|Derex2013|Sparrow2011|Wilson2014|Karpicke2011|Shah2012|Critcher2008|Kovac2012|Giessner2007|Morewedge2010|Duncan2012|Shafir1993|Alter2007|Gervais2012|Gneezy2014|Bauer2012|Anderson2012|Hauser2014|Aviezer2012|Zaval2014|Risen2008|Balafoutas2012|Lee2010|Zhong2006|Nishi2015|Kidd2013",15,NA,NA,2
2019-04-20 20:55:17,2019-04-20 21:08:58,0,NA,100,820,1,2019-04-20 21:08:58,NA,NA,NA,NA,NA,NA,NA,"anonymous","NL",1,2,2,NA,NA,NA,NA,NA,NA,NA,NA,NA,NA,NA,NA,NA,NA,NA,NA,NA,NA,NA,NA,NA,NA,NA,NA,NA,NA,NA,NA,NA,NA,NA,NA,NA,NA,NA,NA,NA,NA,NA,NA,NA,NA,NA,NA,NA,NA,NA,NA,NA,NA,NA,NA,NA,NA,NA,NA,NA,NA,NA,NA,NA,NA,NA,NA,NA,NA,NA,NA,NA,NA,NA,NA,NA,NA,NA,NA,NA,NA,NA,NA,NA,NA,NA,NA,NA,1,94,NA,1,48,NA,2,34,NA,1,3,NA,2,48,NA,1,66,NA,2,35,NA,1,19,NA,1,45,NA,2,8,NA,1,45,NA,1,15,NA,1,40,NA,1,12,NA,2,22,NA,2,16,NA,2,10,NA,2,37,NA,2,73,NA,1,41,NA,2,80,NA,2,27,NA,2,31,NA,1,32,NA,1,17,NA,1,53,NA,2,22,NA,2,75,NA,NA,NA,NA,NA,NA,NA,NA,NA,NA,NA,NA,NA,NA,NA,NA,NA,NA,NA,NA,NA,NA,NA,NA,NA,NA,NA,NA,NA,NA,NA,NA,NA,NA,NA,NA,NA,NA,NA,NA,NA,NA,NA,NA,NA,NA,NA,NA,NA,NA,NA,NA,NA,NA,NA,NA,NA,NA,NA,NA,NA,NA,NA,NA,NA,NA,NA,NA,NA,NA,NA,NA,NA,NA,NA,NA,NA,NA,NA,NA,NA,NA,NA,NA,NA,NA,NA,NA,NA,NA,NA,NA,NA,NA,NA,NA,NA,NA,NA,NA,NA,NA,NA,NA,NA,NA,NA,NA,NA,NA,NA,NA,NA,NA,NA,NA,NA,NA,NA,NA,NA,NA,NA,NA,NA,NA,NA,NA,NA,NA,NA,NA,NA,NA,NA,NA,NA,NA,NA,NA,NA,NA,NA,NA,NA,NA,NA,NA,NA,NA,NA,NA,NA,NA,NA,NA,NA,NA,NA,NA,NA,NA,NA,NA,NA,NA,NA,NA,1,5,5,NA,"|1|2|3|4|5|6|7|8|9|10|11|12|13|14|15|16|17|18|19|20|21|22|23|24|25|26|27|28","|Aviezer2012|Balafoutas2012|Derex2013|Duncan2012|Gervais2012|Gneezy2014|Hauser2014|Bauer2012|Critcher2008|Karpicke2011|Anderson2012|Giessner2007|Risen2008|Shafir1993|Zaval2014|Tversky1978|Kidd2013|Shah2012|Zhong2006|Kovac2012|Lee2010|Morewedge2010|Nishi2015|Pyc2010|Sparrow2011|Wilson2014|Alter2007|Fakers2019",18,NA,NA,1
2019-04-21 08:49:35,2019-04-21 09:20:59,0,NA,100,1883,1,2019-04-21 09:20:59,NA,NA,NA,NA,NA,NA,NA,"anonymous","NL",1,2,2,NA,NA,NA,NA,NA,NA,NA,NA,NA,NA,NA,NA,NA,NA,NA,NA,NA,NA,NA,NA,NA,NA,NA,NA,NA,NA,NA,NA,NA,NA,NA,NA,NA,NA,NA,NA,NA,NA,NA,NA,NA,NA,NA,NA,NA,NA,NA,NA,NA,NA,NA,NA,NA,NA,NA,NA,NA,NA,NA,NA,NA,NA,NA,NA,NA,NA,NA,NA,NA,NA,NA,NA,NA,NA,NA,NA,NA,NA,NA,NA,NA,NA,NA,NA,NA,1,77,NA,2,50,NA,1,100,NA,1,78,NA,2,83,NA,1,90,NA,1,51,NA,1,64,NA,1,75,NA,1,82,NA,1,71,NA,2,44,NA,1,64,NA,1,52,NA,1,72,NA,1,65,NA,1,86,NA,1,64,NA,1,72,NA,1,71,1,1,54,NA,1,73,NA,1,83,NA,1,82,NA,2,67,NA,1,86,NA,2,52,NA,2,75,NA,NA,NA,NA,NA,NA,NA,NA,NA,NA,NA,NA,NA,NA,NA,NA,NA,NA,NA,NA,NA,NA,NA,NA,NA,NA,NA,NA,NA,NA,NA,NA,NA,NA,NA,NA,NA,NA,NA,NA,NA,NA,NA,NA,NA,NA,NA,NA,NA,NA,NA,NA,NA,NA,NA,NA,NA,NA,NA,NA,NA,NA,NA,NA,NA,NA,NA,NA,NA,NA,NA,NA,NA,NA,NA,NA,NA,NA,NA,NA,NA,NA,NA,NA,NA,NA,NA,NA,NA,NA,NA,NA,NA,NA,NA,NA,NA,NA,NA,NA,NA,NA,NA,NA,NA,NA,NA,NA,NA,NA,NA,NA,NA,NA,NA,NA,NA,NA,NA,NA,NA,NA,NA,NA,NA,NA,NA,NA,NA,NA,NA,NA,NA,NA,NA,NA,NA,NA,NA,NA,NA,NA,NA,NA,NA,NA,NA,NA,NA,NA,NA,NA,NA,NA,NA,NA,NA,NA,NA,NA,NA,NA,NA,NA,NA,NA,NA,NA,2,5,35,NA,"|1|2|3|4|5|6|7|8|9|10|11|12|13|14|15|16|17|18|19|20|21|22|23|24|25|26|27|28","|Aviezer2012|Balafoutas2012|Derex2013|Duncan2012|Gervais2012|Gneezy2014|Hauser2014|Bauer2012|Critcher2008|Karpicke2011|Anderson2012|Giessner2007|Risen2008|Shafir1993|Zaval2014|Tversky1978|Kidd2013|Shah2012|Zhong2006|Kovac2012|Lee2010|Morewedge2010|Nishi2015|Pyc2010|Sparrow2011|Wilson2014|Alter2007|Fakers2019",18,NA,NA,1
2019-04-21 14:17:02,2019-04-21 15:16:15,0,NA,100,3552,1,2019-04-21 15:16:16,NA,NA,NA,NA,NA,NA,NA,"anonymous","EN",1,2,1,NA,NA,NA,NA,NA,NA,NA,NA,NA,NA,NA,NA,NA,NA,NA,NA,NA,NA,NA,NA,NA,NA,NA,NA,NA,NA,NA,NA,NA,NA,NA,NA,NA,NA,NA,NA,NA,NA,NA,NA,NA,NA,NA,NA,NA,NA,NA,NA,NA,NA,NA,NA,NA,NA,NA,NA,NA,NA,NA,NA,NA,NA,NA,NA,NA,NA,NA,NA,NA,NA,NA,NA,NA,NA,NA,NA,NA,NA,NA,NA,NA,NA,NA,NA,NA,NA,NA,NA,NA,NA,NA,NA,NA,NA,NA,NA,NA,NA,NA,NA,NA,NA,NA,NA,NA,NA,NA,NA,NA,NA,NA,NA,NA,NA,NA,NA,NA,NA,NA,NA,NA,NA,NA,NA,NA,NA,NA,NA,NA,NA,NA,NA,NA,NA,NA,NA,NA,NA,NA,NA,NA,NA,NA,NA,NA,NA,NA,NA,NA,NA,NA,NA,NA,NA,NA,NA,NA,NA,NA,NA,NA,NA,NA,NA,NA,NA,NA,NA,NA,1,69,NA,1,51,NA,1,96,NA,1,26,NA,2,39,NA,1,80,NA,1,80,NA,2,25,NA,2,85,NA,2,61,NA,2,3,NA,1,69,NA,1,100,NA,1,57,NA,1,65,NA,1,4,NA,1,13,NA,1,58,NA,1,42,NA,1,49,NA,2,100,NA,2,82,NA,2,67,NA,1,56,1,1,3,NA,1,77,NA,1,52,1,1,13,NA,NA,NA,NA,NA,NA,NA,NA,NA,NA,NA,NA,NA,NA,NA,NA,NA,NA,NA,NA,NA,NA,NA,NA,NA,NA,NA,NA,NA,NA,NA,NA,NA,NA,NA,NA,NA,NA,NA,NA,NA,NA,NA,NA,NA,NA,NA,NA,NA,NA,NA,NA,NA,NA,NA,NA,NA,NA,NA,NA,NA,NA,NA,NA,NA,NA,NA,NA,NA,NA,NA,NA,NA,NA,NA,NA,NA,NA,NA,NA,NA,NA,NA,NA,2,5,2,NA,"|13|14|8|9|22|24|28|11|23|7|3|6|2|12|21|15|19|16|10|4|5|27|1|17|25|20|18|26","|Risen2008|Shafir1993|Bauer2012|Critcher2008|Morewedge2010|Pyc2010|Fakers2019|Anderson2012|Nishi2015|Hauser2014|Derex2013|Gneezy2014|Balafoutas2012|Giessner2007|Lee2010|Zaval2014|Zhong2006|Tversky1978|Karpicke2011|Duncan2012|Gervais2012|Alter2007|Aviezer2012|Kidd2013|Sparrow2011|Kovac2012|Shah2012|Wilson2014",14,NA,NA,2
2019-04-13 12:19:03,2019-04-14 21:21:52,0,NA,15,118968,0,2019-04-21 21:22:09,NA,NA,NA,NA,NA,NA,NA,"anonymous","NL",1,2,2,NA,NA,NA,NA,NA,NA,NA,NA,NA,NA,NA,NA,NA,NA,NA,NA,NA,NA,NA,NA,NA,NA,NA,NA,NA,NA,NA,NA,NA,NA,NA,NA,NA,NA,NA,NA,NA,NA,NA,NA,NA,NA,NA,NA,NA,NA,NA,NA,NA,NA,NA,NA,NA,NA,NA,NA,NA,NA,NA,NA,NA,NA,NA,NA,NA,NA,NA,NA,NA,NA,NA,NA,NA,NA,NA,NA,NA,NA,NA,NA,NA,NA,NA,NA,NA,NA,NA,NA,NA,NA,NA,NA,NA,NA,NA,NA,NA,NA,NA,NA,NA,NA,NA,NA,NA,NA,NA,NA,NA,NA,NA,NA,NA,NA,NA,NA,NA,NA,NA,NA,NA,NA,NA,NA,NA,NA,NA,NA,NA,NA,NA,NA,NA,NA,NA,NA,NA,NA,NA,NA,NA,NA,NA,NA,NA,NA,NA,NA,NA,NA,NA,NA,NA,NA,NA,NA,NA,NA,NA,NA,NA,NA,NA,NA,NA,NA,NA,NA,NA,NA,NA,NA,NA,NA,NA,NA,NA,NA,NA,NA,NA,NA,NA,NA,NA,NA,NA,NA,NA,NA,NA,NA,NA,NA,NA,NA,NA,NA,NA,NA,NA,NA,NA,NA,NA,NA,NA,NA,NA,NA,NA,NA,NA,NA,NA,NA,NA,NA,NA,NA,NA,NA,NA,NA,NA,NA,NA,NA,NA,NA,NA,NA,NA,NA,NA,NA,NA,NA,NA,NA,NA,NA,NA,NA,NA,NA,NA,NA,NA,NA,NA,NA,NA,NA,NA,NA,NA,NA,NA,NA,NA,NA,NA,NA,NA,NA,NA,NA,NA,NA,NA,NA,NA,NA,NA,NA,NA,NA,NA,NA,NA,NA,NA,NA,NA,NA,NA,NA,NA,NA,NA,NA,NA,NA,NA,NA,NA,NA,NA,NA,NA,NA,NA,NA,NA,NA,NA,NA,NA,NA,NA,NA,NA,NA,NA,NA,NA,NA,NA,NA,NA,NA,NA,NA,NA,NA,NA,NA,NA,NA,NA,NA,NA,NA,NA,NA,NA,NA,NA,NA,NA,NA,0,NA,NA,1
2019-04-15 14:58:46,2019-04-15 14:59:31,0,NA,7,45,0,2019-04-22 14:59:33,NA,NA,NA,NA,NA,NA,NA,"anonymous","EN",1,NA,NA,NA,NA,NA,NA,NA,NA,NA,NA,NA,NA,NA,NA,NA,NA,NA,NA,NA,NA,NA,NA,NA,NA,NA,NA,NA,NA,NA,NA,NA,NA,NA,NA,NA,NA,NA,NA,NA,NA,NA,NA,NA,NA,NA,NA,NA,NA,NA,NA,NA,NA,NA,NA,NA,NA,NA,NA,NA,NA,NA,NA,NA,NA,NA,NA,NA,NA,NA,NA,NA,NA,NA,NA,NA,NA,NA,NA,NA,NA,NA,NA,NA,NA,NA,NA,NA,NA,NA,NA,NA,NA,NA,NA,NA,NA,NA,NA,NA,NA,NA,NA,NA,NA,NA,NA,NA,NA,NA,NA,NA,NA,NA,NA,NA,NA,NA,NA,NA,NA,NA,NA,NA,NA,NA,NA,NA,NA,NA,NA,NA,NA,NA,NA,NA,NA,NA,NA,NA,NA,NA,NA,NA,NA,NA,NA,NA,NA,NA,NA,NA,NA,NA,NA,NA,NA,NA,NA,NA,NA,NA,NA,NA,NA,NA,NA,NA,NA,NA,NA,NA,NA,NA,NA,NA,NA,NA,NA,NA,NA,NA,NA,NA,NA,NA,NA,NA,NA,NA,NA,NA,NA,NA,NA,NA,NA,NA,NA,NA,NA,NA,NA,NA,NA,NA,NA,NA,NA,NA,NA,NA,NA,NA,NA,NA,NA,NA,NA,NA,NA,NA,NA,NA,NA,NA,NA,NA,NA,NA,NA,NA,NA,NA,NA,NA,NA,NA,NA,NA,NA,NA,NA,NA,NA,NA,NA,NA,NA,NA,NA,NA,NA,NA,NA,NA,NA,NA,NA,NA,NA,NA,NA,NA,NA,NA,NA,NA,NA,NA,NA,NA,NA,NA,NA,NA,NA,NA,NA,NA,NA,NA,NA,NA,NA,NA,NA,NA,NA,NA,NA,NA,NA,NA,NA,NA,NA,NA,NA,NA,NA,NA,NA,NA,NA,NA,NA,NA,NA,NA,NA,NA,NA,NA,NA,NA,NA,NA,NA,NA,NA,NA,NA,NA,NA,NA,NA,NA,NA,NA,NA,NA,NA,NA,NA,NA,NA,NA,NA,NA,NA,NA,NA,NA,NA,0,NA,NA,NA
2019-04-21 13:49:33,2019-04-22 13:23:40,0,NA,22,84846,0,2019-04-23 10:00:55,NA,NA,NA,NA,NA,NA,NA,"anonymous","EN",1,2,1,NA,NA,NA,NA,NA,NA,NA,NA,NA,NA,NA,NA,NA,NA,NA,NA,NA,NA,NA,NA,NA,NA,NA,NA,NA,NA,NA,NA,NA,NA,NA,NA,NA,NA,NA,NA,NA,NA,NA,NA,NA,NA,NA,NA,NA,NA,NA,NA,NA,NA,NA,NA,NA,NA,NA,NA,NA,NA,NA,NA,NA,NA,NA,NA,NA,NA,NA,NA,NA,NA,NA,NA,NA,NA,NA,NA,NA,NA,NA,NA,NA,NA,NA,NA,NA,NA,NA,NA,NA,NA,NA,NA,NA,NA,NA,NA,NA,NA,NA,NA,NA,NA,NA,NA,NA,NA,NA,NA,NA,NA,NA,NA,NA,NA,NA,NA,NA,NA,NA,NA,NA,NA,NA,NA,NA,NA,NA,NA,NA,NA,NA,NA,NA,NA,NA,NA,NA,NA,NA,NA,NA,NA,NA,NA,NA,NA,NA,NA,NA,NA,NA,NA,NA,NA,NA,NA,NA,NA,NA,NA,NA,NA,NA,NA,NA,NA,NA,NA,NA,NA,NA,NA,NA,NA,NA,NA,NA,NA,NA,NA,NA,NA,NA,NA,NA,NA,NA,NA,NA,NA,NA,NA,NA,NA,NA,NA,NA,NA,NA,NA,NA,NA,NA,NA,NA,NA,NA,NA,NA,NA,NA,NA,NA,NA,NA,NA,NA,NA,NA,NA,NA,NA,NA,NA,NA,NA,NA,NA,NA,NA,NA,NA,NA,NA,NA,NA,NA,NA,NA,NA,NA,NA,NA,NA,NA,NA,NA,NA,NA,NA,NA,NA,NA,NA,NA,NA,NA,NA,NA,NA,NA,NA,NA,NA,NA,NA,NA,NA,NA,NA,NA,NA,NA,NA,NA,NA,NA,NA,NA,NA,NA,NA,NA,NA,NA,NA,NA,NA,NA,NA,NA,NA,NA,NA,NA,NA,NA,NA,NA,NA,NA,NA,NA,NA,NA,NA,NA,NA,NA,NA,NA,NA,NA,NA,NA,NA,NA,NA,NA,NA,NA,NA,NA,NA,NA,NA,NA,NA,NA,NA,NA,NA,NA,NA,NA,NA,NA,NA,NA,NA,NA,NA,0,NA,NA,2
2019-04-21 23:21:13,2019-04-21 23:33:06,0,NA,37,712,0,2019-04-23 10:00:56,NA,NA,NA,NA,NA,NA,NA,"anonymous","NL",1,2,2,NA,NA,NA,NA,NA,NA,NA,NA,NA,NA,NA,NA,NA,NA,NA,NA,NA,NA,NA,NA,NA,NA,NA,NA,NA,NA,NA,NA,NA,NA,NA,NA,NA,NA,NA,NA,NA,NA,NA,NA,NA,NA,NA,NA,NA,NA,NA,NA,NA,NA,NA,NA,NA,NA,NA,NA,NA,NA,NA,NA,NA,NA,NA,NA,NA,NA,NA,NA,NA,NA,NA,NA,NA,NA,NA,NA,NA,NA,NA,NA,NA,NA,NA,NA,NA,1,37,NA,1,49,NA,NA,NA,NA,NA,NA,NA,NA,NA,NA,NA,NA,NA,NA,NA,NA,NA,NA,NA,NA,NA,NA,NA,NA,NA,NA,NA,NA,NA,NA,NA,NA,NA,NA,NA,NA,NA,NA,NA,NA,NA,NA,NA,NA,NA,NA,NA,NA,NA,NA,NA,NA,NA,NA,NA,NA,NA,NA,NA,NA,NA,NA,NA,NA,NA,NA,NA,NA,NA,NA,NA,NA,NA,NA,NA,NA,NA,NA,NA,NA,NA,NA,NA,NA,NA,NA,NA,NA,NA,NA,NA,NA,NA,NA,NA,NA,NA,NA,NA,NA,NA,NA,NA,NA,NA,NA,NA,NA,NA,NA,NA,NA,NA,NA,NA,NA,NA,NA,NA,NA,NA,NA,NA,NA,NA,NA,NA,NA,NA,NA,NA,NA,NA,NA,NA,NA,NA,NA,NA,NA,NA,NA,NA,NA,NA,NA,NA,NA,NA,NA,NA,NA,NA,NA,NA,NA,NA,NA,NA,NA,NA,NA,NA,NA,NA,NA,NA,NA,NA,NA,NA,NA,NA,NA,NA,NA,NA,NA,NA,NA,NA,NA,NA,NA,NA,NA,NA,NA,NA,NA,NA,NA,NA,NA,NA,NA,NA,NA,NA,NA,NA,NA,NA,NA,NA,NA,NA,NA,NA,NA,NA,NA,NA,NA,NA,NA,NA,NA,NA,NA,NA,NA,NA,NA,NA,NA,NA,NA,NA,NA,NA,NA,NA,NA,NA,NA,NA,NA,NA,NA,NA,NA,NA,NA,NA,NA,NA,NA,NA,NA,"|1|2","|Aviezer2012|Balafoutas2012",2,NA,NA,1
2019-04-17 15:16:00,2019-04-17 15:18:41,0,NA,56,160,0,2019-04-23 10:01:07,NA,NA,NA,NA,NA,NA,NA,"anonymous","EN",1,2,1,NA,NA,NA,NA,NA,NA,NA,NA,NA,NA,NA,NA,NA,NA,NA,NA,NA,NA,NA,NA,NA,NA,NA,NA,NA,NA,NA,NA,NA,NA,NA,NA,NA,NA,NA,NA,NA,NA,NA,NA,NA,NA,NA,NA,NA,NA,NA,NA,NA,NA,NA,NA,NA,NA,NA,NA,NA,NA,NA,NA,NA,NA,NA,NA,NA,NA,NA,NA,NA,NA,NA,NA,NA,NA,NA,NA,NA,NA,NA,NA,NA,NA,NA,NA,NA,NA,NA,NA,NA,NA,NA,NA,NA,NA,NA,NA,NA,NA,NA,NA,NA,NA,NA,NA,NA,NA,NA,NA,NA,NA,NA,NA,NA,NA,NA,NA,NA,NA,NA,NA,NA,NA,NA,NA,NA,NA,NA,NA,NA,NA,NA,NA,NA,NA,NA,NA,NA,NA,NA,NA,NA,NA,NA,NA,NA,NA,NA,NA,NA,NA,NA,NA,NA,NA,NA,NA,NA,NA,NA,NA,NA,NA,NA,NA,NA,NA,NA,NA,NA,NA,NA,NA,NA,NA,NA,NA,NA,NA,NA,NA,NA,NA,NA,NA,NA,NA,NA,NA,NA,NA,NA,NA,NA,NA,NA,NA,NA,NA,NA,NA,NA,NA,NA,NA,NA,NA,NA,NA,NA,NA,NA,NA,NA,NA,NA,NA,NA,NA,NA,NA,NA,NA,NA,NA,NA,NA,NA,NA,NA,NA,NA,NA,NA,NA,NA,NA,NA,NA,NA,NA,NA,NA,NA,NA,NA,NA,NA,NA,NA,NA,NA,NA,NA,NA,NA,NA,NA,NA,NA,NA,NA,NA,NA,NA,NA,NA,NA,NA,NA,NA,NA,NA,NA,NA,NA,NA,NA,NA,NA,NA,NA,NA,NA,NA,NA,NA,NA,NA,NA,NA,NA,NA,NA,NA,NA,NA,NA,NA,NA,NA,NA,NA,NA,NA,NA,NA,NA,NA,NA,NA,NA,NA,NA,NA,NA,NA,NA,NA,NA,NA,NA,NA,NA,NA,NA,NA,NA,NA,NA,NA,NA,NA,NA,NA,NA,NA,NA,NA,NA,NA,"|16","|Tversky1978",0,NA,NA,2
2019-04-15 15:00:02,2019-04-16 17:26:05,0,NA,37,95163,0,2019-04-23 10:01:20,NA,NA,NA,NA,NA,NA,NA,"anonymous","NL",1,2,2,NA,NA,NA,NA,NA,NA,NA,NA,NA,NA,NA,NA,NA,NA,NA,NA,NA,NA,NA,NA,NA,NA,NA,NA,NA,NA,NA,NA,NA,NA,NA,NA,NA,NA,NA,NA,NA,NA,NA,NA,NA,NA,NA,NA,NA,NA,NA,NA,NA,NA,NA,NA,NA,NA,NA,NA,NA,NA,NA,NA,NA,NA,NA,NA,NA,NA,NA,NA,NA,NA,NA,NA,NA,NA,NA,NA,NA,NA,NA,NA,NA,NA,NA,NA,NA,1,75,NA,1,64,NA,2,92,NA,1,59,NA,2,77,1,2,51,NA,NA,NA,NA,NA,NA,NA,NA,NA,NA,NA,NA,NA,NA,NA,NA,NA,NA,NA,NA,NA,NA,NA,NA,NA,NA,NA,NA,NA,NA,NA,NA,NA,NA,NA,NA,NA,NA,NA,NA,NA,NA,NA,NA,NA,NA,NA,NA,NA,NA,NA,NA,NA,NA,NA,NA,NA,NA,NA,NA,NA,NA,NA,NA,NA,NA,NA,NA,NA,NA,NA,NA,NA,NA,NA,NA,NA,NA,NA,NA,NA,NA,NA,NA,NA,NA,NA,NA,NA,NA,NA,NA,NA,NA,NA,NA,NA,NA,NA,NA,NA,NA,NA,NA,NA,NA,NA,NA,NA,NA,NA,NA,NA,NA,NA,NA,NA,NA,NA,NA,NA,NA,NA,NA,NA,NA,NA,NA,NA,NA,NA,NA,NA,NA,NA,NA,NA,NA,NA,NA,NA,NA,NA,NA,NA,NA,NA,NA,NA,NA,NA,NA,NA,NA,NA,NA,NA,NA,NA,NA,NA,NA,NA,NA,NA,NA,NA,NA,NA,NA,NA,NA,NA,NA,NA,NA,NA,NA,NA,NA,NA,NA,NA,NA,NA,NA,NA,NA,NA,NA,NA,NA,NA,NA,NA,NA,NA,NA,NA,NA,NA,NA,NA,NA,NA,NA,NA,NA,NA,NA,NA,NA,NA,NA,NA,NA,NA,NA,NA,NA,NA,NA,NA,NA,NA,NA,NA,NA,NA,NA,NA,NA,NA,NA,NA,NA,NA,NA,"|1|2|2|3|4|5|6|7|7","|Aviezer2012|Balafoutas2012|Balafoutas2012|Derex2013|Duncan2012|Gervais2012|Gneezy2014|Hauser2014|Hauser2014",4,NA,NA,1
2019-04-23 10:30:32,2019-04-23 10:52:55,0,NA,100,1342,1,2019-04-23 10:52:55,NA,NA,NA,NA,NA,NA,NA,"anonymous","NL",1,2,2,NA,NA,NA,NA,NA,NA,NA,NA,NA,NA,NA,NA,NA,NA,NA,NA,NA,NA,NA,NA,NA,NA,NA,NA,NA,NA,NA,NA,NA,NA,NA,NA,NA,NA,NA,NA,NA,NA,NA,NA,NA,NA,NA,NA,NA,NA,NA,NA,NA,NA,NA,NA,NA,NA,NA,NA,NA,NA,NA,NA,NA,NA,NA,NA,NA,NA,NA,NA,NA,NA,NA,NA,NA,NA,NA,NA,NA,NA,NA,NA,NA,NA,NA,NA,NA,NA,NA,NA,NA,NA,NA,NA,NA,NA,NA,NA,NA,NA,NA,NA,NA,NA,NA,NA,NA,NA,NA,NA,NA,NA,NA,NA,NA,NA,NA,NA,NA,NA,NA,NA,NA,NA,NA,NA,NA,NA,NA,NA,NA,NA,NA,NA,NA,NA,NA,NA,NA,NA,NA,NA,NA,NA,NA,NA,NA,NA,NA,NA,NA,NA,NA,NA,NA,NA,NA,NA,NA,NA,NA,NA,NA,NA,NA,NA,NA,NA,NA,NA,NA,NA,NA,NA,NA,NA,NA,NA,NA,NA,NA,NA,NA,NA,NA,NA,NA,NA,NA,NA,NA,NA,NA,NA,NA,NA,NA,NA,NA,NA,NA,NA,NA,NA,NA,NA,NA,NA,NA,NA,NA,NA,NA,NA,NA,NA,NA,NA,NA,NA,NA,NA,NA,NA,NA,NA,NA,NA,NA,NA,NA,NA,NA,NA,NA,NA,NA,NA,NA,NA,NA,NA,NA,NA,NA,NA,NA,NA,NA,NA,NA,NA,NA,NA,NA,1,97,NA,1,43,NA,1,100,NA,1,82,NA,2,81,NA,1,80,NA,1,100,NA,1,97,NA,2,73,NA,1,99,NA,1,72,NA,2,62,NA,2,79,NA,2,50,NA,2,58,NA,1,39,NA,2,67,NA,2,77,NA,2,56,NA,2,30,NA,2,61,NA,2,50,NA,1,55,NA,2,55,NA,1,81,NA,1,92,NA,2,76,NA,2,75,1,5,5,NA,"|18|13|16|2|10|17|8|19|23|20|26|22|7|28|27|24|9|21|25|6|14|5|12|4|3|15|11|1","|Shah2012|Risen2008|Tversky1978|Balafoutas2012|Karpicke2011|Kidd2013|Bauer2012|Zhong2006|Nishi2015|Kovac2012|Wilson2014|Morewedge2010|Hauser2014|Fakers2019|Alter2007|Pyc2010|Critcher2008|Lee2010|Sparrow2011|Gneezy2014|Shafir1993|Gervais2012|Giessner2007|Duncan2012|Derex2013|Zaval2014|Anderson2012|Aviezer2012",21,NA,NA,2
