study,treatment,pid,m3_b3
1,m2,AGNPX,
1,m2,AIRBM,
1,m2,ARLEI,
1,m2,BBECX,
1,m2,BHPTI,
1,m2,BIYDE,
1,m2,BKCFP,
1,m2,BNPKB,
1,m2,BZRFC,
1,m2,CHIBT,
1,m2,HBQXZ,
1,m2,HEJKB,
1,m2,HFNSC,
1,m2,HJBDQ,
1,m2,HJEZS,
1,m2,IBCCH,
1,m2,ITXLG,
1,m2,IXRCJ,
1,m2,JAYYJ,
1,m2,JDVOM,
1,m2,JFFDX,
1,m2,JJAGL,
1,m2,JUSNB,
1,m2,JVWRC,
1,m2,JXCTF,
1,m2,KBPUC,
1,m2,KCPRJ,
1,m2,KIYTT,
1,m2,KRWHP,
1,m2,KSQVW,
1,m2,LFMEQ,
1,m2,LYFOV,
1,m2,MHKGW,
1,m2,MLXQY,
1,m2,MPQVV,
1,m2,MWDSM,
1,m2,MWTSC,
1,m2,MXZEG,
1,m2,NDNSG,
1,m2,NERZB,
1,m2,OEXJH,
1,m2,OJYDQ,
1,m2,OLPSA,
1,m2,OPSPN,
1,m2,OTJYA,
1,m2,PDSGL,
1,m2,PGVWP,
1,m2,PPZPY,
1,m2,PVBVQ,
1,m2,PWJJQ,
1,m2,QCTQV,
1,m2,QRNNV,
1,m2,QYBZC,
1,m2,RJKJF,
1,m2,RKDZV,
1,m2,RKTOH,
1,m2,RQOBK,
1,m2,RTXTZ,
1,m2,RZIII,
1,m2,SKXRF,
1,m2,SNNRO,
1,m2,SOOYS,
1,m2,SVOWQ,
1,m2,SXMNT,
1,m2,TDFNU,
1,m2,TDLLY,
1,m2,TICTG,
1,m2,TLEEF,
1,m2,TNUTC,
1,m2,TPMTB,
1,m2,TQUSO,
1,m2,TVNAD,
1,m2,TYDLF,
1,m2,TZHAK,
1,m2,UFEYS,
1,m2,UONRK,
1,m2,UXMBH,
1,m2,UYSCS,
1,m2,VBFGR,
1,m2,VEOXL,
1,m2,VHWFI,
1,m2,VQQGL,
1,m2,VSYYJ,
1,m2,WEESC,
1,m2,WEZFA,
1,m2,WOVCG,
1,m2,WTOCY,
1,m2,WUKAA,
1,m2,XDCSW,
1,m2,XEPOZ,
1,m2,XJMAV,
1,m2,XMREM,
1,m2,XPQFY,
1,m2,YIQTI,
1,m2,YJPRG,
1,m2,YKWAH,
1,m2,YMKYG,
1,m2,YPCFD,
1,m2,YQXIE,
1,m2,YUMWF,
1,m2,YYYQL,
1,m2,ZHMDL,
1,m2,ZJGNP,
1,m3,AFKFA,0.600000024
1,m3,AYJQH,0.600000024
1,m3,BGRYT,1
1,m3,BNSRX,0.970000029
1,m3,BRCTI,0.800000012
1,m3,BUTQG,0.899999976
1,m3,BXBPO,1
1,m3,BYUFT,0.970000029
1,m3,CQEXW,0.400000006
1,m3,CTDTP,0.400000006
1,m3,CTPQT,0.5
1,m3,DDLIA,0.699999988
1,m3,DMIIF,0.949999988
1,m3,DOPUB,1
1,m3,EALGQ,0.899999976
1,m3,EXHNR,0.050000001
1,m3,FFVHW,0.899999976
1,m3,FJTDI,0.699999988
1,m3,FOMBY,0.850000024
1,m3,FRHWQ,0.949999988
1,m3,GCPKB,1
1,m3,GFHGK,0.899999976
1,m3,GLYRR,0.800000012
1,m3,GOQTH,0.600000024
1,m3,HDWQD,0.400000006
1,m3,HKTWT,0.800000012
1,m3,HSACH,0.600000024
1,m3,HWAXH,0.400000006
1,m3,HWHKM,0.75
1,m3,HXXGB,0.039999999
1,m3,IEZOP,0.5
1,m3,IKPCK,0.300000012
1,m3,IXIJM,0.600000024
1,m3,JDMRD,0.400000006
1,m3,JERHM,0.920000017
1,m3,JJWQH,1
1,m3,KGDEO,0.600000024
1,m3,KMTVC,0.980000019
1,m3,KPQUF,0.800000012
1,m3,KXHZX,0.699999988
1,m3,KYQVB,0.699999988
1,m3,LCSDI,0.959999979
1,m3,LJPBD,0.899999976
1,m3,LMKYB,0.400000006
1,m3,LVFGB,0.800000012
1,m3,LXMYX,0.600000024
1,m3,LYXBB,1
1,m3,MLVJZ,1
1,m3,MMOYA,1
1,m3,MNRLM,0.340000004
1,m3,MQOED,0.980000019
1,m3,MREFB,0.200000003
1,m3,MUPMA,0.899999976
1,m3,MYWHH,0.75
1,m3,NLTVU,0.800000012
1,m3,NQYQN,0.400000006
1,m3,OAKPV,0.349999994
1,m3,OCSVL,0.5
1,m3,ODNWH,0
1,m3,OOJMX,0.449999988
1,m3,OPAXV,0.800000012
1,m3,PEOLU,0.899999976
1,m3,PHTZT,0.889999986
1,m3,POXNY,0.550000012
1,m3,PYBWP,1
1,m3,PZCZV,0.699999988
1,m3,QECXS,0.899999976
1,m3,QHNUD,0.600000024
1,m3,QKAZU,0.699999988
1,m3,QRVVY,0.550000012
1,m3,QVBAP,1
1,m3,QXEPS,0.400000006
1,m3,REAVM,0.569999993
1,m3,RLFXE,0.980000019
1,m3,RRFWI,1
1,m3,RRKTM,1
1,m3,RSFYN,0.699999988
1,m3,SIBYL,0.600000024
1,m3,SLETN,0.5
1,m3,SLKSA,0.800000012
1,m3,SNJRM,0.800000012
1,m3,TPCGC,1
1,m3,USYLJ,0.800000012
1,m3,UUYLF,0.800000012
1,m3,UWXVV,0.699999988
1,m3,VTIEK,1
1,m3,VTWWG,0.800000012
1,m3,VWIIZ,0.100000001
1,m3,VWQJN,0.899999976
1,m3,VWTHZ,0.850000024
1,m3,WOZHY,0.899999976
1,m3,WSKMW,0.600000024
1,m3,WTZSC,0.400000006
1,m3,WVBUA,0.5
1,m3,XCRTP,0.699999988
1,m3,XYJIX,0.600000024
1,m3,YEXRD,0.150000006
1,m3,YGDVU,0.5
1,m3,YHEMK,0.800000012
1,m3,YHGBZ,0.050000001
1,m3,YIPBA,0.800000012
1,m3,YSSFZ,0.850000024
1,m3,ZCZJN,0.899999976
1,m3,ZDOYC,0.600000024
2,m2,AGNPX,
2,m2,AIRBM,
2,m2,ARLEI,
2,m2,BBECX,
2,m2,BHPTI,
2,m2,BIYDE,
2,m2,BKCFP,
2,m2,BNPKB,
2,m2,BZRFC,
2,m2,CHIBT,
2,m2,CHJWI,
2,m2,COGEW,
2,m2,CUCGB,
2,m2,CYLLX,
2,m2,CYWGM,
2,m2,DBEOL,
2,m2,DCRKI,
2,m2,DLIYI,
2,m2,DOPFI,
2,m2,DPJYN,
2,m2,DRIUI,
2,m2,DSMMR,
2,m2,DUYEG,
2,m2,EDRGS,
2,m2,EFVYH,
2,m2,EMHKN,
2,m2,FDEEF,
2,m2,FGOQM,
2,m2,FTHMZ,
2,m2,FZDWW,
2,m2,FZMNK,
2,m2,GLFJZ,
2,m2,GZRWQ,
2,m2,HARNQ,
2,m2,HBEWR,
2,m2,HBQXZ,
2,m2,HEJKB,
2,m2,HFNSC,
2,m2,HJBDQ,
2,m2,HJEZS,
2,m2,IBCCH,
2,m2,ITXLG,
2,m2,IXRCJ,
2,m2,JAYYJ,
2,m2,JDVOM,
2,m2,JFFDX,
2,m2,JJAGL,
2,m2,JUSNB,
2,m2,JVWRC,
2,m2,JXCTF,
2,m2,KBPUC,
2,m2,KCPRJ,
2,m2,KIYTT,
2,m2,KRWHP,
2,m2,KSQVW,
2,m2,LFMEQ,
2,m2,LYFOV,
2,m2,MHKGW,
2,m2,MLXQY,
2,m2,MPQVV,
2,m2,MWDSM,
2,m2,MWTSC,
2,m2,MXZEG,
2,m2,NDNSG,
2,m2,NERZB,
2,m2,OEXJH,
2,m2,OJYDQ,
2,m2,OLPSA,
2,m2,OPSPN,
2,m2,OTJYA,
2,m2,PDSGL,
2,m2,PGVWP,
2,m2,PPZPY,
2,m2,PVBVQ,
2,m2,PWJJQ,
2,m2,QCTQV,
2,m2,QRNNV,
2,m2,QYBZC,
2,m2,RJKJF,
2,m2,RKDZV,
2,m2,RKTOH,
2,m2,RQOBK,
2,m2,RTXTZ,
2,m2,RZIII,
2,m2,SKXRF,
2,m2,SNNRO,
2,m2,SOOYS,
2,m2,SVOWQ,
2,m2,SXMNT,
2,m2,TDFNU,
2,m2,TDLLY,
2,m2,TICTG,
2,m2,TLEEF,
2,m2,TNUTC,
2,m2,TPMTB,
2,m2,TQUSO,
2,m2,TVNAD,
2,m2,TYDLF,
2,m2,TZHAK,
2,m2,UFEYS,
2,m2,UONRK,
2,m2,UXMBH,
2,m2,UYSCS,
2,m2,VBFGR,
2,m2,VEOXL,
2,m2,VHWFI,
2,m2,VQQGL,
2,m2,VSYYJ,
2,m2,WEESC,
2,m2,WEZFA,
2,m2,WOVCG,
2,m2,WTOCY,
2,m2,WUKAA,
2,m2,XDCSW,
2,m2,XEPOZ,
2,m2,XJMAV,
2,m2,XMREM,
2,m2,XPQFY,
2,m2,YIQTI,
2,m2,YJPRG,
2,m2,YKWAH,
2,m2,YMKYG,
2,m2,YPCFD,
2,m2,YQXIE,
2,m2,YUMWF,
2,m2,YYYQL,
2,m2,ZHMDL,
2,m2,ZJGNP,
2,m3,AFKFA,0.5
2,m3,AYJQH,0.100000001
2,m3,BGRYT,1
2,m3,BNSRX,0.850000024
2,m3,BRCTI,0.699999988
2,m3,BUTQG,0.050000001
2,m3,BXBPO,0.800000012
2,m3,BYUFT,0.100000001
2,m3,CQEXW,0.300000012
2,m3,CTDTP,0.300000012
2,m3,CTPQT,0.150000006
2,m3,DDLIA,0.300000012
2,m3,DMIIF,0.050000001
2,m3,DOPUB,0
2,m3,EALGQ,0.050000001
2,m3,EXHNR,0.150000006
2,m3,FFVHW,0.200000003
2,m3,FJTDI,0.400000006
2,m3,FOMBY,0.5
2,m3,FRHWQ,0.050000001
2,m3,GCPKB,1
2,m3,GFHGK,0.400000006
2,m3,GLYRR,0.800000012
2,m3,GOQTH,0.200000003
2,m3,HDWQD,0.600000024
2,m3,HKTWT,0.449999988
2,m3,HSACH,0.699999988
2,m3,HWAXH,0.100000001
2,m3,HWHKM,0.100000001
2,m3,HXXGB,0.01
2,m3,IEZOP,0.100000001
2,m3,IKPCK,0.400000006
2,m3,IXIJM,0
2,m3,JDMRD,0.200000003
2,m3,JERHM,0.100000001
2,m3,JJWQH,0.150000006
2,m3,KGDEO,0.300000012
2,m3,KMTVC,0.899999976
2,m3,KPQUF,0
2,m3,KXHZX,0.400000006
2,m3,KYQVB,0.02
2,m3,LCSDI,0.699999988
2,m3,LJPBD,0.200000003
2,m3,LMKYB,0
2,m3,LVFGB,0.200000003
2,m3,LXMYX,0.330000013
2,m3,LYXBB,0.200000003
2,m3,MLVJZ,0
2,m3,MMOYA,0.150000006
2,m3,MNRLM,0.100000001
2,m3,MQOED,0.899999976
2,m3,MREFB,0.200000003
2,m3,MUPMA,0.5
2,m3,MYWHH,0.5
2,m3,NLTVU,0.150000006
2,m3,NQYQN,0.050000001
2,m3,OAKPV,0.100000001
2,m3,OCSVL,0.699999988
2,m3,ODNWH,0.400000006
2,m3,OOJMX,0.029999999
2,m3,OPAXV,0.100000001
2,m3,PEOLU,0.300000012
2,m3,PHTZT,0.349999994
2,m3,POXNY,0.150000006
2,m3,PYBWP,0.699999988
2,m3,PZCZV,0.150000006
2,m3,QECXS,0
2,m3,QHNUD,0.100000001
2,m3,QKAZU,0.600000024
2,m3,QRVVY,0.449999988
2,m3,QVBAP,0.699999988
2,m3,QXEPS,0.140000001
2,m3,REAVM,0.180000007
2,m3,RLFXE,0.01
2,m3,RRFWI,0.300000012
2,m3,RRKTM,0.699999988
2,m3,RSFYN,0.300000012
2,m3,SIBYL,0.400000006
2,m3,SLETN,0.300000012
2,m3,SLKSA,0.050000001
2,m3,SNJRM,0.800000012
2,m3,TPCGC,0.800000012
2,m3,USYLJ,0
2,m3,UUYLF,0.100000001
2,m3,UWXVV,0.850000024
2,m3,VTIEK,0.600000024
2,m3,VTWWG,0.100000001
2,m3,VWIIZ,0.400000006
2,m3,VWQJN,0.800000012
2,m3,VWTHZ,0.050000001
2,m3,WOZHY,0.899999976
2,m3,WSKMW,0.200000003
2,m3,WTZSC,0.400000006
2,m3,WVBUA,0.300000012
2,m3,XCRTP,0
2,m3,XYJIX,0.100000001
2,m3,YEXRD,0.100000001
2,m3,YGDVU,0.200000003
2,m3,YHEMK,0.200000003
2,m3,YHGBZ,0.699999988
2,m3,YIPBA,0.200000003
2,m3,YSSFZ,0.5
2,m3,ZCZJN,0.600000024
2,m3,ZDOYC,0.200000003
3,m2,AGNPX,
3,m2,AIRBM,
3,m2,ARLEI,
3,m2,BBECX,
3,m2,BHPTI,
3,m2,BIYDE,
3,m2,BKCFP,
3,m2,BNPKB,
3,m2,BZRFC,
3,m2,CHIBT,
3,m2,CHJWI,
3,m2,COGEW,
3,m2,CUCGB,
3,m2,CYLLX,
3,m2,CYWGM,
3,m2,DBEOL,
3,m2,DCRKI,
3,m2,DLIYI,
3,m2,DOPFI,
3,m2,DPJYN,
3,m2,DRIUI,
3,m2,DSMMR,
3,m2,DUYEG,
3,m2,EDRGS,
3,m2,EFVYH,
3,m2,EMHKN,
3,m2,FDEEF,
3,m2,FGOQM,
3,m2,FTHMZ,
3,m2,FZDWW,
3,m2,FZMNK,
3,m2,GLFJZ,
3,m2,GZRWQ,
3,m2,HARNQ,
3,m2,HBEWR,
3,m2,HBQXZ,
3,m2,HEJKB,
3,m2,HFNSC,
3,m2,HJBDQ,
3,m2,HJEZS,
3,m2,IBCCH,
3,m2,ITXLG,
3,m2,IXRCJ,
3,m2,JAYYJ,
3,m2,JDVOM,
3,m2,JFFDX,
3,m2,JJAGL,
3,m2,JUSNB,
3,m2,JVWRC,
3,m2,JXCTF,
3,m2,KBPUC,
3,m2,KCPRJ,
3,m2,KIYTT,
3,m2,KRWHP,
3,m2,KSQVW,
3,m2,LFMEQ,
3,m2,LYFOV,
3,m2,MHKGW,
3,m2,MLXQY,
3,m2,MPQVV,
3,m2,MWDSM,
3,m2,MWTSC,
3,m2,MXZEG,
3,m2,NDNSG,
3,m2,NERZB,
3,m2,OEXJH,
3,m2,OJYDQ,
3,m2,OLPSA,
3,m2,OPSPN,
3,m2,OTJYA,
3,m2,PDSGL,
3,m2,PGVWP,
3,m2,PPZPY,
3,m2,PVBVQ,
3,m2,PWJJQ,
3,m2,QCTQV,
3,m2,QRNNV,
3,m2,QYBZC,
3,m2,RJKJF,
3,m2,RKDZV,
3,m2,RKTOH,
3,m2,RQOBK,
3,m2,RTXTZ,
3,m2,RZIII,
3,m2,SKXRF,
3,m2,SNNRO,
3,m2,SOOYS,
3,m2,SVOWQ,
3,m2,SXMNT,
3,m2,TDFNU,
3,m2,TDLLY,
3,m2,TICTG,
3,m2,TLEEF,
3,m2,TNUTC,
3,m2,TPMTB,
3,m2,TQUSO,
3,m2,TVNAD,
3,m2,TYDLF,
3,m2,TZHAK,
3,m2,UFEYS,
3,m2,UONRK,
3,m2,UXMBH,
3,m2,UYSCS,
3,m2,VBFGR,
3,m2,VEOXL,
3,m2,VHWFI,
3,m2,VQQGL,
3,m2,VSYYJ,
3,m2,WEESC,
3,m2,WEZFA,
3,m2,WOVCG,
3,m2,WTOCY,
3,m2,WUKAA,
3,m2,XDCSW,
3,m2,XEPOZ,
3,m2,XJMAV,
3,m2,XMREM,
3,m2,XPQFY,
3,m2,YIQTI,
3,m2,YJPRG,
3,m2,YKWAH,
3,m2,YMKYG,
3,m2,YPCFD,
3,m2,YQXIE,
3,m2,YUMWF,
3,m2,YYYQL,
3,m2,ZHMDL,
3,m2,ZJGNP,
3,m3,AFKFA,0.100000001
3,m3,AYJQH,0.050000001
3,m3,BGRYT,0
3,m3,BNSRX,0.5
3,m3,BRCTI,0.5
3,m3,BUTQG,0.25
3,m3,BXBPO,0.75
3,m3,BYUFT,0.129999995
3,m3,CQEXW,0.25
3,m3,CTDTP,0.300000012
3,m3,CTPQT,0.200000003
3,m3,DDLIA,0.25
3,m3,DMIIF,0.200000003
3,m3,DOPUB,0.699999988
3,m3,EALGQ,0.400000006
3,m3,EXHNR,0.050000001
3,m3,FFVHW,0.100000001
3,m3,FJTDI,0.200000003
3,m3,FOMBY,0.699999988
3,m3,FRHWQ,0.5
3,m3,GCPKB,0.600000024
3,m3,GFHGK,0.550000012
3,m3,GLYRR,0.400000006
3,m3,GOQTH,0.300000012
3,m3,HDWQD,0
3,m3,HKTWT,0.400000006
3,m3,HSACH,0.100000001
3,m3,HWAXH,0.600000024
3,m3,HWHKM,0.150000006
3,m3,HXXGB,0.050000001
3,m3,IEZOP,0
3,m3,IKPCK,0.100000001
3,m3,IXIJM,0.5
3,m3,JDMRD,0.300000012
3,m3,JERHM,0.649999976
3,m3,JJWQH,0.400000006
3,m3,KGDEO,0.300000012
3,m3,KMTVC,0.100000001
3,m3,KPQUF,0.600000024
3,m3,KXHZX,0.400000006
3,m3,KYQVB,0.100000001
3,m3,LCSDI,0.699999988
3,m3,LJPBD,0.600000024
3,m3,LMKYB,0.5
3,m3,LVFGB,0.100000001
3,m3,LXMYX,0.150000006
3,m3,LYXBB,0.600000024
3,m3,MLVJZ,0.5
3,m3,MMOYA,0.25
3,m3,MNRLM,0.200000003
3,m3,MQOED,0.600000024
3,m3,MREFB,0.300000012
3,m3,MUPMA,0.300000012
3,m3,MYWHH,0.400000006
3,m3,NLTVU,0.5
3,m3,NQYQN,0.200000003
3,m3,OAKPV,0.100000001
3,m3,OCSVL,0.300000012
3,m3,ODNWH,0.100000001
3,m3,OOJMX,0.400000006
3,m3,OPAXV,0.100000001
3,m3,PEOLU,0.600000024
3,m3,PHTZT,0.100000001
3,m3,POXNY,0.200000003
3,m3,PYBWP,0.200000003
3,m3,PZCZV,0.100000001
3,m3,QECXS,0.150000006
3,m3,QHNUD,0.050000001
3,m3,QKAZU,0.200000003
3,m3,QRVVY,0.200000003
3,m3,QVBAP,0.25
3,m3,QXEPS,0.050000001
3,m3,REAVM,0.239999995
3,m3,RLFXE,0.150000006
3,m3,RRFWI,0.5
3,m3,RRKTM,0.400000006
3,m3,RSFYN,0.300000012
3,m3,SIBYL,0.400000006
3,m3,SLETN,0.600000024
3,m3,SLKSA,0.349999994
3,m3,SNJRM,0.699999988
3,m3,TPCGC,0.899999976
3,m3,USYLJ,0.600000024
3,m3,UUYLF,0.300000012
3,m3,UWXVV,0.5
3,m3,VTIEK,0.699999988
3,m3,VTWWG,0.150000006
3,m3,VWIIZ,0.200000003
3,m3,VWQJN,0.300000012
3,m3,VWTHZ,0.699999988
3,m3,WOZHY,0.050000001
3,m3,WSKMW,0.200000003
3,m3,WTZSC,0.400000006
3,m3,WVBUA,0.400000006
3,m3,XCRTP,0.5
3,m3,XYJIX,0.050000001
3,m3,YEXRD,0.300000012
3,m3,YGDVU,0.100000001
3,m3,YHEMK,0.200000003
3,m3,YHGBZ,0
3,m3,YIPBA,0.150000006
3,m3,YSSFZ,0.02
3,m3,ZCZJN,0.200000003
3,m3,ZDOYC,0.300000012
4,m2,AGNPX,
4,m2,AIRBM,
4,m2,ARLEI,
4,m2,BBECX,
4,m2,BHPTI,
4,m2,BIYDE,
4,m2,BKCFP,
4,m2,BNPKB,
4,m2,BZRFC,
4,m2,CHIBT,
4,m2,CHJWI,
4,m2,COGEW,
4,m2,CUCGB,
4,m2,CYLLX,
4,m2,CYWGM,
4,m2,DBEOL,
4,m2,DCRKI,
4,m2,DLIYI,
4,m2,DOPFI,
4,m2,DPJYN,
4,m2,DRIUI,
4,m2,DSMMR,
4,m2,DUYEG,
4,m2,EDRGS,
4,m2,EFVYH,
4,m2,EMHKN,
4,m2,FDEEF,
4,m2,FGOQM,
4,m2,FTHMZ,
4,m2,FZDWW,
4,m2,FZMNK,
4,m2,GLFJZ,
4,m2,GZRWQ,
4,m2,HARNQ,
4,m2,HBEWR,
4,m2,HBQXZ,
4,m2,HEJKB,
4,m2,HFNSC,
4,m2,HJBDQ,
4,m2,HJEZS,
4,m2,IBCCH,
4,m2,ITXLG,
4,m2,IXRCJ,
4,m2,JAYYJ,
4,m2,JDVOM,
4,m2,JFFDX,
4,m2,JJAGL,
4,m2,JUSNB,
4,m2,JVWRC,
4,m2,JXCTF,
4,m2,KBPUC,
4,m2,KCPRJ,
4,m2,KIYTT,
4,m2,KRWHP,
4,m2,KSQVW,
4,m2,LFMEQ,
4,m2,LYFOV,
4,m2,MHKGW,
4,m2,MLXQY,
4,m2,MPQVV,
4,m2,MWDSM,
4,m2,MWTSC,
4,m2,MXZEG,
4,m2,NDNSG,
4,m2,NERZB,
4,m2,OEXJH,
4,m2,OJYDQ,
4,m2,OLPSA,
4,m2,OPSPN,
4,m2,OTJYA,
4,m2,PDSGL,
4,m2,PGVWP,
4,m2,PPZPY,
4,m2,PVBVQ,
4,m2,PWJJQ,
4,m2,QCTQV,
4,m2,QRNNV,
4,m2,QYBZC,
4,m2,RJKJF,
4,m2,RKDZV,
4,m2,RKTOH,
4,m2,RQOBK,
4,m2,RTXTZ,
4,m2,RZIII,
4,m2,SKXRF,
4,m2,SNNRO,
4,m2,SOOYS,
4,m2,SVOWQ,
4,m2,SXMNT,
4,m2,TDFNU,
4,m2,TDLLY,
4,m2,TICTG,
4,m2,TLEEF,
4,m2,TNUTC,
4,m2,TPMTB,
4,m2,TQUSO,
4,m2,TVNAD,
4,m2,TYDLF,
4,m2,TZHAK,
4,m2,UFEYS,
4,m2,UONRK,
4,m2,UXMBH,
4,m2,UYSCS,
4,m2,VBFGR,
4,m2,VEOXL,
4,m2,VHWFI,
4,m2,VQQGL,
4,m2,VSYYJ,
4,m2,WEESC,
4,m2,WEZFA,
4,m2,WOVCG,
4,m2,WTOCY,
4,m2,WUKAA,
4,m2,XDCSW,
4,m2,XEPOZ,
4,m2,XJMAV,
4,m2,XMREM,
4,m2,XPQFY,
4,m2,YIQTI,
4,m2,YJPRG,
4,m2,YKWAH,
4,m2,YMKYG,
4,m2,YPCFD,
4,m2,YQXIE,
4,m2,YUMWF,
4,m2,YYYQL,
4,m2,ZHMDL,
4,m2,ZJGNP,
4,m3,AFKFA,0.3
4,m3,AYJQH,0.1
4,m3,BGRYT,1
4,m3,BNSRX,0.85
4,m3,BRCTI,0.4
4,m3,BUTQG,0.3
4,m3,BXBPO,0.2
4,m3,BYUFT,0.06
4,m3,CQEXW,0.2
4,m3,CTDTP,0.6
4,m3,CTPQT,0.2
4,m3,DDLIA,0.25
4,m3,DMIIF,0.05
4,m3,DOPUB,0.1
4,m3,EALGQ,0.1
4,m3,EXHNR,0.1
4,m3,FFVHW,0.05
4,m3,FJTDI,0.15
4,m3,FOMBY,0.2
4,m3,FRHWQ,0
4,m3,GCPKB,0.4
4,m3,GFHGK,0.25
4,m3,GLYRR,0.2
4,m3,GOQTH,0.05
4,m3,HDWQD,0.2
4,m3,HKTWT,0.35
4,m3,HSACH,0.4
4,m3,HWAXH,0.2
4,m3,HWHKM,0.05
4,m3,HXXGB,0.01
4,m3,IEZOP,0
4,m3,IKPCK,0.2
4,m3,IXIJM,0.25
4,m3,JDMRD,0.1
4,m3,JERHM,0.3
4,m3,JJWQH,0.9
4,m3,KGDEO,0.3
4,m3,KMTVC,0.4
4,m3,KPQUF,0
4,m3,KXHZX,0.4
4,m3,KYQVB,0.05
4,m3,LCSDI,0.25
4,m3,LJPBD,0.4
4,m3,LMKYB,0
4,m3,LVFGB,0.05
4,m3,LXMYX,0.25
4,m3,LYXBB,0.1
4,m3,MLVJZ,0.2
4,m3,MMOYA,0.15
4,m3,MNRLM,0.1
4,m3,MQOED,0.8
4,m3,MREFB,0.1
4,m3,MUPMA,0.6
4,m3,MYWHH,0.2
4,m3,NLTVU,0.05
4,m3,NQYQN,0.3
4,m3,OAKPV,0.05
4,m3,OCSVL,0.75
4,m3,ODNWH,0.05
4,m3,OOJMX,0.1
4,m3,OPAXV,0.15
4,m3,PEOLU,0.2
4,m3,PHTZT,0.1
4,m3,POXNY,0.05
4,m3,PYBWP,0.7
4,m3,PZCZV,0.15
4,m3,QECXS,0.02
4,m3,QHNUD,0.05
4,m3,QKAZU,0.2
4,m3,QRVVY,0.25
4,m3,QVBAP,0.25
4,m3,QXEPS,0.1
4,m3,REAVM,0.1
4,m3,RLFXE,0
4,m3,RRFWI,0.35
4,m3,RRKTM,0.6
4,m3,RSFYN,0.25
4,m3,SIBYL,0.25
4,m3,SLETN,0.05
4,m3,SLKSA,0.1
4,m3,SNJRM,0.5
4,m3,TPCGC,0.5
4,m3,USYLJ,0.25
4,m3,UUYLF,0.1
4,m3,UWXVV,0.1
4,m3,VTIEK,0.4
4,m3,VTWWG,0.05
4,m3,VWIIZ,0.2
4,m3,VWQJN,0.4
4,m3,VWTHZ,0.7
4,m3,WOZHY,0.15
4,m3,WSKMW,0
4,m3,WTZSC,0.3
4,m3,WVBUA,0.1
4,m3,XCRTP,0.2
4,m3,XYJIX,0.1
4,m3,YEXRD,0.5
4,m3,YGDVU,0.25
4,m3,YHEMK,0.25
4,m3,YHGBZ,0
4,m3,YIPBA,0.2
4,m3,YSSFZ,0.03
4,m3,ZCZJN,0.25
4,m3,ZDOYC,0
5,m2,AGNPX,
5,m2,AIRBM,
5,m2,ARLEI,
5,m2,BBECX,
5,m2,BHPTI,
5,m2,BIYDE,
5,m2,BKCFP,
5,m2,BNPKB,
5,m2,BZRFC,
5,m2,CHIBT,
5,m2,CHJWI,
5,m2,COGEW,
5,m2,CUCGB,
5,m2,CYLLX,
5,m2,CYWGM,
5,m2,DBEOL,
5,m2,DCRKI,
5,m2,DLIYI,
5,m2,DOPFI,
5,m2,DPJYN,
5,m2,DRIUI,
5,m2,DSMMR,
5,m2,DUYEG,
5,m2,EDRGS,
5,m2,EFVYH,
5,m2,EMHKN,
5,m2,FDEEF,
5,m2,FGOQM,
5,m2,FTHMZ,
5,m2,FZDWW,
5,m2,FZMNK,
5,m2,GLFJZ,
5,m2,GZRWQ,
5,m2,HARNQ,
5,m2,HBEWR,
5,m2,HBQXZ,
5,m2,HEJKB,
5,m2,HFNSC,
5,m2,HJBDQ,
5,m2,HJEZS,
5,m2,IBCCH,
5,m2,ITXLG,
5,m2,IXRCJ,
5,m2,JAYYJ,
5,m2,JDVOM,
5,m2,JFFDX,
5,m2,JJAGL,
5,m2,JUSNB,
5,m2,JVWRC,
5,m2,JXCTF,
5,m2,KBPUC,
5,m2,KCPRJ,
5,m2,KIYTT,
5,m2,KRWHP,
5,m2,KSQVW,
5,m2,LFMEQ,
5,m2,LYFOV,
5,m2,MHKGW,
5,m2,MLXQY,
5,m2,MPQVV,
5,m2,MWDSM,
5,m2,MWTSC,
5,m2,MXZEG,
5,m2,NDNSG,
5,m2,NERZB,
5,m2,OEXJH,
5,m2,OJYDQ,
5,m2,OLPSA,
5,m2,OPSPN,
5,m2,OTJYA,
5,m2,PDSGL,
5,m2,PGVWP,
5,m2,PPZPY,
5,m2,PVBVQ,
5,m2,PWJJQ,
5,m2,QCTQV,
5,m2,QRNNV,
5,m2,QYBZC,
5,m2,RJKJF,
5,m2,RKDZV,
5,m2,RKTOH,
5,m2,RQOBK,
5,m2,RTXTZ,
5,m2,RZIII,
5,m2,SKXRF,
5,m2,SNNRO,
5,m2,SOOYS,
5,m2,SVOWQ,
5,m2,SXMNT,
5,m2,TDFNU,
5,m2,TDLLY,
5,m2,TICTG,
5,m2,TLEEF,
5,m2,TNUTC,
5,m2,TPMTB,
5,m2,TQUSO,
5,m2,TVNAD,
5,m2,TYDLF,
5,m2,TZHAK,
5,m2,UFEYS,
5,m2,UONRK,
5,m2,UXMBH,
5,m2,UYSCS,
5,m2,VBFGR,
5,m2,VEOXL,
5,m2,VHWFI,
5,m2,VQQGL,
5,m2,VSYYJ,
5,m2,WEESC,
5,m2,WEZFA,
5,m2,WOVCG,
5,m2,WTOCY,
5,m2,WUKAA,
5,m2,XDCSW,
5,m2,XEPOZ,
5,m2,XJMAV,
5,m2,XMREM,
5,m2,XPQFY,
5,m2,YIQTI,
5,m2,YJPRG,
5,m2,YKWAH,
5,m2,YMKYG,
5,m2,YPCFD,
5,m2,YQXIE,
5,m2,YUMWF,
5,m2,YYYQL,
5,m2,ZHMDL,
5,m2,ZJGNP,
5,m3,AFKFA,0.3
5,m3,AYJQH,0.1
5,m3,BGRYT,1
5,m3,BNSRX,0.85
5,m3,BRCTI,0.6
5,m3,BUTQG,0.1
5,m3,BXBPO,0.45
5,m3,BYUFT,0.26
5,m3,CQEXW,0.3
5,m3,CTDTP,0.7
5,m3,CTPQT,0.2
5,m3,DDLIA,0.25
5,m3,DMIIF,0.2
5,m3,DOPUB,0.5
5,m3,EALGQ,0.1
5,m3,EXHNR,0.3
5,m3,FFVHW,0.8
5,m3,FJTDI,0.4
5,m3,FOMBY,0.55
5,m3,FRHWQ,0.2
5,m3,GCPKB,1
5,m3,GFHGK,0.4
5,m3,GLYRR,0.1
5,m3,GOQTH,0.4
5,m3,HDWQD,0.34
5,m3,HKTWT,0.4
5,m3,HSACH,0.85
5,m3,HWAXH,0.5
5,m3,HWHKM,0.1
5,m3,HXXGB,0.05
5,m3,IEZOP,0.2
5,m3,IKPCK,0.3
5,m3,IXIJM,0.01
5,m3,JDMRD,0.1
5,m3,JERHM,0.8
5,m3,JJWQH,0.6
5,m3,KGDEO,0.45
5,m3,KMTVC,0.8
5,m3,KPQUF,0.09
5,m3,KXHZX,0.5
5,m3,KYQVB,0.2
5,m3,LCSDI,0.8
5,m3,LJPBD,0.45
5,m3,LMKYB,0.5
5,m3,LVFGB,0
5,m3,LXMYX,0.2
5,m3,LYXBB,0.3
5,m3,MLVJZ,0
5,m3,MMOYA,0.05
5,m3,MNRLM,0.1
5,m3,MQOED,0.98
5,m3,MREFB,0.3
5,m3,MUPMA,0.5
5,m3,MYWHH,0.05
5,m3,NLTVU,0.05
5,m3,NQYQN,0.05
5,m3,OAKPV,0.15
5,m3,OCSVL,0.5
5,m3,ODNWH,0.3
5,m3,OOJMX,0.1
5,m3,OPAXV,0.1
5,m3,PEOLU,0.3
5,m3,PHTZT,0.4
5,m3,POXNY,0.3
5,m3,PYBWP,0.4
5,m3,PZCZV,0.1
5,m3,QECXS,0.2
5,m3,QHNUD,0.3
5,m3,QKAZU,0.5
5,m3,QRVVY,0.4
5,m3,QVBAP,0.2
5,m3,QXEPS,0.2
5,m3,REAVM,0.24
5,m3,RLFXE,0.05
5,m3,RRFWI,0.2
5,m3,RRKTM,0.7
5,m3,RSFYN,0.2
5,m3,SIBYL,0.25
5,m3,SLETN,0.2
5,m3,SLKSA,0.3
5,m3,SNJRM,0.6
5,m3,TPCGC,0.3
5,m3,USYLJ,0.99
5,m3,UUYLF,0.05
5,m3,UWXVV,0.3
5,m3,VTIEK,0.5
5,m3,VTWWG,0.5
5,m3,VWIIZ,0.5
5,m3,VWQJN,0.5
5,m3,VWTHZ,0.2
5,m3,WOZHY,0.8
5,m3,WSKMW,0.3
5,m3,WTZSC,0.4
5,m3,WVBUA,0.4
5,m3,XCRTP,0.3
5,m3,XYJIX,0.3
5,m3,YEXRD,0.1
5,m3,YGDVU,0.1
5,m3,YHEMK,0.4
5,m3,YHGBZ,0.6
5,m3,YIPBA,0.2
5,m3,YSSFZ,0.6
5,m3,ZCZJN,0.4
5,m3,ZDOYC,0.1
6,m2,AGNPX,
6,m2,AIRBM,
6,m2,ARLEI,
6,m2,BBECX,
6,m2,BHPTI,
6,m2,BIYDE,
6,m2,BKCFP,
6,m2,BNPKB,
6,m2,BZRFC,
6,m2,CHIBT,
6,m2,CHJWI,
6,m2,COGEW,
6,m2,CUCGB,
6,m2,CYLLX,
6,m2,CYWGM,
6,m2,DBEOL,
6,m2,DCRKI,
6,m2,DLIYI,
6,m2,DOPFI,
6,m2,DPJYN,
6,m2,DRIUI,
6,m2,DSMMR,
6,m2,DUYEG,
6,m2,EDRGS,
6,m2,EFVYH,
6,m2,EMHKN,
6,m2,FDEEF,
6,m2,FGOQM,
6,m2,FTHMZ,
6,m2,FZDWW,
6,m2,FZMNK,
6,m2,GLFJZ,
6,m2,GZRWQ,
6,m2,HARNQ,
6,m2,HBEWR,
6,m2,HBQXZ,
6,m2,HEJKB,
6,m2,HFNSC,
6,m2,HJBDQ,
6,m2,HJEZS,
6,m2,IBCCH,
6,m2,ITXLG,
6,m2,IXRCJ,
6,m2,JAYYJ,
6,m2,JDVOM,
6,m2,JFFDX,
6,m2,JJAGL,
6,m2,JUSNB,
6,m2,JVWRC,
6,m2,JXCTF,
6,m2,KBPUC,
6,m2,KCPRJ,
6,m2,KIYTT,
6,m2,KRWHP,
6,m2,KSQVW,
6,m2,LFMEQ,
6,m2,LYFOV,
6,m2,MHKGW,
6,m2,MLXQY,
6,m2,MPQVV,
6,m2,MWDSM,
6,m2,MWTSC,
6,m2,MXZEG,
6,m2,NDNSG,
6,m2,NERZB,
6,m2,OEXJH,
6,m2,OJYDQ,
6,m2,OLPSA,
6,m2,OPSPN,
6,m2,OTJYA,
6,m2,PDSGL,
6,m2,PGVWP,
6,m2,PPZPY,
6,m2,PVBVQ,
6,m2,PWJJQ,
6,m2,QCTQV,
6,m2,QRNNV,
6,m2,QYBZC,
6,m2,RJKJF,
6,m2,RKDZV,
6,m2,RKTOH,
6,m2,RQOBK,
6,m2,RTXTZ,
6,m2,RZIII,
6,m2,SKXRF,
6,m2,SNNRO,
6,m2,SOOYS,
6,m2,SVOWQ,
6,m2,SXMNT,
6,m2,TDFNU,
6,m2,TDLLY,
6,m2,TICTG,
6,m2,TLEEF,
6,m2,TNUTC,
6,m2,TPMTB,
6,m2,TQUSO,
6,m2,TVNAD,
6,m2,TYDLF,
6,m2,TZHAK,
6,m2,UFEYS,
6,m2,UONRK,
6,m2,UXMBH,
6,m2,UYSCS,
6,m2,VBFGR,
6,m2,VEOXL,
6,m2,VHWFI,
6,m2,VQQGL,
6,m2,VSYYJ,
6,m2,WEESC,
6,m2,WEZFA,
6,m2,WOVCG,
6,m2,WTOCY,
6,m2,WUKAA,
6,m2,XDCSW,
6,m2,XEPOZ,
6,m2,XJMAV,
6,m2,XMREM,
6,m2,XPQFY,
6,m2,YIQTI,
6,m2,YJPRG,
6,m2,YKWAH,
6,m2,YMKYG,
6,m2,YPCFD,
6,m2,YQXIE,
6,m2,YUMWF,
6,m2,YYYQL,
6,m2,ZHMDL,
6,m2,ZJGNP,
6,m3,AFKFA,0.699999988
6,m3,AYJQH,0.600000024
6,m3,BGRYT,0
6,m3,BNSRX,0.850000024
6,m3,BRCTI,0.699999988
6,m3,BUTQG,0.5
6,m3,BXBPO,0.949999988
6,m3,BYUFT,0.910000026
6,m3,CQEXW,0.400000006
6,m3,CTDTP,0.850000024
6,m3,CTPQT,0.25
6,m3,DDLIA,0.699999988
6,m3,DMIIF,0.949999988
6,m3,DOPUB,1
6,m3,EALGQ,0.800000012
6,m3,EXHNR,0.050000001
6,m3,FFVHW,0.5
6,m3,FJTDI,0.800000012
6,m3,FOMBY,0.75
6,m3,FRHWQ,0.600000024
6,m3,GCPKB,1
6,m3,GFHGK,0.899999976
6,m3,GLYRR,0.5
6,m3,GOQTH,0.100000001
6,m3,HDWQD,0.400000006
6,m3,HKTWT,0.800000012
6,m3,HSACH,0.5
6,m3,HWAXH,0.600000024
6,m3,HWHKM,0.400000006
6,m3,HXXGB,0.25
6,m3,IEZOP,0.100000001
6,m3,IKPCK,0.100000001
6,m3,IXIJM,0.400000006
6,m3,JDMRD,0.600000024
6,m3,JERHM,0.899999976
6,m3,JJWQH,0.899999976
6,m3,KGDEO,0.550000012
6,m3,KMTVC,0.899999976
6,m3,KPQUF,0.800000012
6,m3,KXHZX,0.600000024
6,m3,KYQVB,0.300000012
6,m3,LCSDI,0.959999979
6,m3,LJPBD,0.939999998
6,m3,LMKYB,0.400000006
6,m3,LVFGB,0.5
6,m3,LXMYX,0.400000006
6,m3,LYXBB,0.800000012
6,m3,MLVJZ,0.899999976
6,m3,MMOYA,1
6,m3,MNRLM,0.400000006
6,m3,MQOED,0.899999976
6,m3,MREFB,0.400000006
6,m3,MUPMA,0.899999976
6,m3,MYWHH,0.649999976
6,m3,NLTVU,0.550000012
6,m3,NQYQN,0.050000001
6,m3,OAKPV,0.200000003
6,m3,OCSVL,0.649999976
6,m3,ODNWH,0.5
6,m3,OOJMX,0.550000012
6,m3,OPAXV,0.800000012
6,m3,PEOLU,0.800000012
6,m3,PHTZT,0.899999976
6,m3,POXNY,0.699999988
6,m3,PYBWP,1
6,m3,PZCZV,0.150000006
6,m3,QECXS,0.5
6,m3,QHNUD,0.75
6,m3,QKAZU,0.600000024
6,m3,QRVVY,0.600000024
6,m3,QVBAP,0.899999976
6,m3,QXEPS,0.25
6,m3,REAVM,0.310000002
6,m3,RLFXE,0.850000024
6,m3,RRFWI,1
6,m3,RRKTM,1
6,m3,RSFYN,0.449999988
6,m3,SIBYL,0.300000012
6,m3,SLETN,0.800000012
6,m3,SLKSA,0.699999988
6,m3,SNJRM,0.400000006
6,m3,TPCGC,0.5
6,m3,USYLJ,0.800000012
6,m3,UUYLF,0.699999988
6,m3,UWXVV,0.600000024
6,m3,VTIEK,0.800000012
6,m3,VTWWG,0.699999988
6,m3,VWIIZ,0.800000012
6,m3,VWQJN,0.899999976
6,m3,VWTHZ,0.75
6,m3,WOZHY,0.899999976
6,m3,WSKMW,0
6,m3,WTZSC,0.400000006
6,m3,WVBUA,0.699999988
6,m3,XCRTP,0.600000024
6,m3,XYJIX,0.600000024
6,m3,YEXRD,0.699999988
6,m3,YGDVU,0.050000001
6,m3,YHEMK,0.5
6,m3,YHGBZ,0.400000006
6,m3,YIPBA,0.800000012
6,m3,YSSFZ,0.300000012
6,m3,ZCZJN,0.699999988
6,m3,ZDOYC,0.600000024
7,m2,AGNPX,
7,m2,AIRBM,
7,m2,ARLEI,
7,m2,BBECX,
7,m2,BHPTI,
7,m2,BIYDE,
7,m2,BKCFP,
7,m2,BNPKB,
7,m2,BZRFC,
7,m2,CHIBT,
7,m2,CHJWI,
7,m2,COGEW,
7,m2,CUCGB,
7,m2,CYLLX,
7,m2,CYWGM,
7,m2,DBEOL,
7,m2,DCRKI,
7,m2,DLIYI,
7,m2,DOPFI,
7,m2,DPJYN,
7,m2,DRIUI,
7,m2,DSMMR,
7,m2,DUYEG,
7,m2,EDRGS,
7,m2,EFVYH,
7,m2,EMHKN,
7,m2,FDEEF,
7,m2,FGOQM,
7,m2,FTHMZ,
7,m2,FZDWW,
7,m2,FZMNK,
7,m2,GLFJZ,
7,m2,GZRWQ,
7,m2,HARNQ,
7,m2,HBEWR,
7,m2,HBQXZ,
7,m2,HEJKB,
7,m2,HFNSC,
7,m2,HJBDQ,
7,m2,HJEZS,
7,m2,IBCCH,
7,m2,ITXLG,
7,m2,IXRCJ,
7,m2,JAYYJ,
7,m2,JDVOM,
7,m2,JFFDX,
7,m2,JJAGL,
7,m2,JUSNB,
7,m2,JVWRC,
7,m2,JXCTF,
7,m2,KBPUC,
7,m2,KCPRJ,
7,m2,KIYTT,
7,m2,KRWHP,
7,m2,KSQVW,
7,m2,LFMEQ,
7,m2,LYFOV,
7,m2,MHKGW,
7,m2,MLXQY,
7,m2,MPQVV,
7,m2,MWDSM,
7,m2,MWTSC,
7,m2,MXZEG,
7,m2,NDNSG,
7,m2,NERZB,
7,m2,OEXJH,
7,m2,OJYDQ,
7,m2,OLPSA,
7,m2,OPSPN,
7,m2,OTJYA,
7,m2,PDSGL,
7,m2,PGVWP,
7,m2,PPZPY,
7,m2,PVBVQ,
7,m2,PWJJQ,
7,m2,QCTQV,
7,m2,QRNNV,
7,m2,QYBZC,
7,m2,RJKJF,
7,m2,RKDZV,
7,m2,RKTOH,
7,m2,RQOBK,
7,m2,RTXTZ,
7,m2,RZIII,
7,m2,SKXRF,
7,m2,SNNRO,
7,m2,SOOYS,
7,m2,SVOWQ,
7,m2,SXMNT,
7,m2,TDFNU,
7,m2,TDLLY,
7,m2,TICTG,
7,m2,TLEEF,
7,m2,TNUTC,
7,m2,TPMTB,
7,m2,TQUSO,
7,m2,TVNAD,
7,m2,TYDLF,
7,m2,TZHAK,
7,m2,UFEYS,
7,m2,UONRK,
7,m2,UXMBH,
7,m2,UYSCS,
7,m2,VBFGR,
7,m2,VEOXL,
7,m2,VHWFI,
7,m2,VQQGL,
7,m2,VSYYJ,
7,m2,WEESC,
7,m2,WEZFA,
7,m2,WOVCG,
7,m2,WTOCY,
7,m2,WUKAA,
7,m2,XDCSW,
7,m2,XEPOZ,
7,m2,XJMAV,
7,m2,XMREM,
7,m2,XPQFY,
7,m2,YIQTI,
7,m2,YJPRG,
7,m2,YKWAH,
7,m2,YMKYG,
7,m2,YPCFD,
7,m2,YQXIE,
7,m2,YUMWF,
7,m2,YYYQL,
7,m2,ZHMDL,
7,m2,ZJGNP,
7,m3,AFKFA,0.200000003
7,m3,AYJQH,0.050000001
7,m3,BGRYT,0
7,m3,BNSRX,0.349999994
7,m3,BRCTI,0.400000006
7,m3,BUTQG,0.050000001
7,m3,BXBPO,0.400000006
7,m3,BYUFT,0.050000001
7,m3,CQEXW,0.100000001
7,m3,CTDTP,0.400000006
7,m3,CTPQT,0.200000003
7,m3,DDLIA,0.100000001
7,m3,DMIIF,0.02
7,m3,DOPUB,0.699999988
7,m3,EALGQ,0.100000001
7,m3,EXHNR,0.050000001
7,m3,FFVHW,0.100000001
7,m3,FJTDI,0.100000001
7,m3,FOMBY,0.5
7,m3,FRHWQ,0.150000006
7,m3,GCPKB,0.300000012
7,m3,GFHGK,0.349999994
7,m3,GLYRR,0.200000003
7,m3,GOQTH,0.300000012
7,m3,HDWQD,0.01
7,m3,HKTWT,0.200000003
7,m3,HSACH,0.100000001
7,m3,HWAXH,0.300000012
7,m3,HWHKM,0.100000001
7,m3,HXXGB,0.01
7,m3,IEZOP,0
7,m3,IKPCK,0
7,m3,IXIJM,0.200000003
7,m3,JDMRD,0.400000006
7,m3,JERHM,0.150000006
7,m3,JJWQH,0.150000006
7,m3,KGDEO,0.300000012
7,m3,KMTVC,0.200000003
7,m3,KPQUF,0.100000001
7,m3,KXHZX,0.200000003
7,m3,KYQVB,0.100000001
7,m3,LCSDI,0.400000006
7,m3,LJPBD,0.699999988
7,m3,LMKYB,0
7,m3,LVFGB,0
7,m3,LXMYX,0.100000001
7,m3,LYXBB,0.600000024
7,m3,MLVJZ,0
7,m3,MMOYA,0.050000001
7,m3,MNRLM,0.400000006
7,m3,MQOED,0.200000003
7,m3,MREFB,0.100000001
7,m3,MUPMA,0.25
7,m3,MYWHH,0.400000006
7,m3,NLTVU,0.200000003
7,m3,NQYQN,0.050000001
7,m3,OAKPV,0.100000001
7,m3,OCSVL,0.300000012
7,m3,ODNWH,0.050000001
7,m3,OOJMX,0.029999999
7,m3,OPAXV,0
7,m3,PEOLU,0.200000003
7,m3,PHTZT,0.050000001
7,m3,POXNY,0.200000003
7,m3,PYBWP,0.01
7,m3,PZCZV,0.100000001
7,m3,QECXS,0.050000001
7,m3,QHNUD,0.01
7,m3,QKAZU,0.300000012
7,m3,QRVVY,0.200000003
7,m3,QVBAP,0.100000001
7,m3,QXEPS,0.050000001
7,m3,REAVM,0.100000001
7,m3,RLFXE,0.050000001
7,m3,RRFWI,0.200000003
7,m3,RRKTM,0.300000012
7,m3,RSFYN,0.25
7,m3,SIBYL,0.200000003
7,m3,SLETN,0.5
7,m3,SLKSA,0.300000012
7,m3,SNJRM,0.800000012
7,m3,TPCGC,0.300000012
7,m3,USYLJ,0.01
7,m3,UUYLF,0.150000006
7,m3,UWXVV,0.100000001
7,m3,VTIEK,0.400000006
7,m3,VTWWG,0.050000001
7,m3,VWIIZ,0.600000024
7,m3,VWQJN,0.899999976
7,m3,VWTHZ,0.550000012
7,m3,WOZHY,0.100000001
7,m3,WSKMW,0.100000001
7,m3,WTZSC,0.400000006
7,m3,WVBUA,0.5
7,m3,XCRTP,0.300000012
7,m3,XYJIX,0.050000001
7,m3,YEXRD,0.300000012
7,m3,YGDVU,0.100000001
7,m3,YHEMK,0.300000012
7,m3,YHGBZ,0
7,m3,YIPBA,0.25
7,m3,YSSFZ,0.050000001
7,m3,ZCZJN,0.200000003
7,m3,ZDOYC,0.300000012
8,m2,AGNPX,
8,m2,AIRBM,
8,m2,ARLEI,
8,m2,BBECX,
8,m2,BHPTI,
8,m2,BIYDE,
8,m2,BKCFP,
8,m2,BNPKB,
8,m2,BZRFC,
8,m2,CHIBT,
8,m2,CHJWI,
8,m2,COGEW,
8,m2,CUCGB,
8,m2,CYLLX,
8,m2,CYWGM,
8,m2,DBEOL,
8,m2,DCRKI,
8,m2,DLIYI,
8,m2,DOPFI,
8,m2,DPJYN,
8,m2,DRIUI,
8,m2,DSMMR,
8,m2,DUYEG,
8,m2,EDRGS,
8,m2,EFVYH,
8,m2,EMHKN,
8,m2,FDEEF,
8,m2,FGOQM,
8,m2,FTHMZ,
8,m2,FZDWW,
8,m2,FZMNK,
8,m2,GLFJZ,
8,m2,GZRWQ,
8,m2,HARNQ,
8,m2,HBEWR,
8,m2,HBQXZ,
8,m2,HEJKB,
8,m2,HFNSC,
8,m2,HJBDQ,
8,m2,HJEZS,
8,m2,IBCCH,
8,m2,ITXLG,
8,m2,IXRCJ,
8,m2,JAYYJ,
8,m2,JDVOM,
8,m2,JFFDX,
8,m2,JJAGL,
8,m2,JUSNB,
8,m2,JVWRC,
8,m2,JXCTF,
8,m2,KBPUC,
8,m2,KCPRJ,
8,m2,KIYTT,
8,m2,KRWHP,
8,m2,KSQVW,
8,m2,LFMEQ,
8,m2,LYFOV,
8,m2,MHKGW,
8,m2,MLXQY,
8,m2,MPQVV,
8,m2,MWDSM,
8,m2,MWTSC,
8,m2,MXZEG,
8,m2,NDNSG,
8,m2,NERZB,
8,m2,OEXJH,
8,m2,OJYDQ,
8,m2,OLPSA,
8,m2,OPSPN,
8,m2,OTJYA,
8,m2,PDSGL,
8,m2,PGVWP,
8,m2,PPZPY,
8,m2,PVBVQ,
8,m2,PWJJQ,
8,m2,QCTQV,
8,m2,QRNNV,
8,m2,QYBZC,
8,m2,RJKJF,
8,m2,RKDZV,
8,m2,RKTOH,
8,m2,RQOBK,
8,m2,RTXTZ,
8,m2,RZIII,
8,m2,SKXRF,
8,m2,SNNRO,
8,m2,SOOYS,
8,m2,SVOWQ,
8,m2,SXMNT,
8,m2,TDFNU,
8,m2,TDLLY,
8,m2,TICTG,
8,m2,TLEEF,
8,m2,TNUTC,
8,m2,TPMTB,
8,m2,TQUSO,
8,m2,TVNAD,
8,m2,TYDLF,
8,m2,TZHAK,
8,m2,UFEYS,
8,m2,UONRK,
8,m2,UXMBH,
8,m2,UYSCS,
8,m2,VBFGR,
8,m2,VEOXL,
8,m2,VHWFI,
8,m2,VQQGL,
8,m2,VSYYJ,
8,m2,WEESC,
8,m2,WEZFA,
8,m2,WOVCG,
8,m2,WTOCY,
8,m2,WUKAA,
8,m2,XDCSW,
8,m2,XEPOZ,
8,m2,XJMAV,
8,m2,XMREM,
8,m2,XPQFY,
8,m2,YIQTI,
8,m2,YJPRG,
8,m2,YKWAH,
8,m2,YMKYG,
8,m2,YPCFD,
8,m2,YQXIE,
8,m2,YUMWF,
8,m2,YYYQL,
8,m2,ZHMDL,
8,m2,ZJGNP,
8,m3,AFKFA,0.4
8,m3,AYJQH,0.05
8,m3,BGRYT,0
8,m3,BNSRX,0.85
8,m3,BRCTI,0
8,m3,BUTQG,0.05
8,m3,BXBPO,0.1
8,m3,BYUFT,0.06
8,m3,CQEXW,0.3
8,m3,CTDTP,0.2
8,m3,CTPQT,0.2
8,m3,DDLIA,0.1
8,m3,DMIIF,0.85
8,m3,DOPUB,0.1
8,m3,EALGQ,0.1
8,m3,EXHNR,0.05
8,m3,FFVHW,0.8
8,m3,FJTDI,0.2
8,m3,FOMBY,0.3
8,m3,FRHWQ,0
8,m3,GCPKB,1
8,m3,GFHGK,0.25
8,m3,GLYRR,0.7
8,m3,GOQTH,0.2
8,m3,HDWQD,0.01
8,m3,HKTWT,0.1
8,m3,HSACH,0.6
8,m3,HWAXH,0.1
8,m3,HWHKM,0.1
8,m3,HXXGB,0.1
8,m3,IEZOP,0
8,m3,IKPCK,0.4
8,m3,IXIJM,0.1
8,m3,JDMRD,0.1
8,m3,JERHM,0.15
8,m3,JJWQH,0.6
8,m3,KGDEO,0.3
8,m3,KMTVC,0.7
8,m3,KPQUF,0
8,m3,KXHZX,0.2
8,m3,KYQVB,0.02
8,m3,LCSDI,0.1
8,m3,LJPBD,0.2
8,m3,LMKYB,0
8,m3,LVFGB,0.01
8,m3,LXMYX,0.1
8,m3,LYXBB,0.2
8,m3,MLVJZ,0.2
8,m3,MMOYA,0.05
8,m3,MNRLM,0.05
8,m3,MQOED,0.9
8,m3,MREFB,0.2
8,m3,MUPMA,0.05
8,m3,MYWHH,0.2
8,m3,NLTVU,0.4
8,m3,NQYQN,0.05
8,m3,OAKPV,0.05
8,m3,OCSVL,0.55
8,m3,ODNWH,0.2
8,m3,OOJMX,0.05
8,m3,OPAXV,0.1
8,m3,PEOLU,0.5
8,m3,PHTZT,0.05
8,m3,POXNY,0.3
8,m3,PYBWP,0.5
8,m3,PZCZV,0
8,m3,QECXS,0
8,m3,QHNUD,0.02
8,m3,QKAZU,0.4
8,m3,QRVVY,0.2
8,m3,QVBAP,0.1
8,m3,QXEPS,0.08
8,m3,REAVM,0.08
8,m3,RLFXE,0
8,m3,RRFWI,0.35
8,m3,RRKTM,0.5
8,m3,RSFYN,0.3
8,m3,SIBYL,0.25
8,m3,SLETN,0.05
8,m3,SLKSA,0.05
8,m3,SNJRM,0.7
8,m3,TPCGC,0.8
8,m3,USYLJ,0
8,m3,UUYLF,0.1
8,m3,UWXVV,0.2
8,m3,VTIEK,0.2
8,m3,VTWWG,0.1
8,m3,VWIIZ,0.1
8,m3,VWQJN,0.2
8,m3,VWTHZ,0.05
8,m3,WOZHY,0.05
8,m3,WSKMW,0.2
8,m3,WTZSC,0.4
8,m3,WVBUA,0.2
8,m3,XCRTP,0
8,m3,XYJIX,0.05
8,m3,YEXRD,0.2
8,m3,YGDVU,0.15
8,m3,YHEMK,0.1
8,m3,YHGBZ,0.4
8,m3,YIPBA,0.1
8,m3,YSSFZ,0.05
8,m3,ZCZJN,0.2
8,m3,ZDOYC,0.6
9,m2,AGNPX,
9,m2,AIRBM,
9,m2,ARLEI,
9,m2,BBECX,
9,m2,BHPTI,
9,m2,BIYDE,
9,m2,BKCFP,
9,m2,BNPKB,
9,m2,BZRFC,
9,m2,CHIBT,
9,m2,CHJWI,
9,m2,COGEW,
9,m2,CUCGB,
9,m2,CYLLX,
9,m2,CYWGM,
9,m2,DBEOL,
9,m2,DCRKI,
9,m2,DLIYI,
9,m2,DOPFI,
9,m2,DPJYN,
9,m2,DRIUI,
9,m2,DSMMR,
9,m2,DUYEG,
9,m2,EDRGS,
9,m2,EFVYH,
9,m2,EMHKN,
9,m2,FDEEF,
9,m2,FGOQM,
9,m2,FTHMZ,
9,m2,FZDWW,
9,m2,FZMNK,
9,m2,GLFJZ,
9,m2,GZRWQ,
9,m2,HARNQ,
9,m2,HBEWR,
9,m2,HBQXZ,
9,m2,HEJKB,
9,m2,HFNSC,
9,m2,HJBDQ,
9,m2,HJEZS,
9,m2,IBCCH,
9,m2,ITXLG,
9,m2,IXRCJ,
9,m2,JAYYJ,
9,m2,JDVOM,
9,m2,JFFDX,
9,m2,JJAGL,
9,m2,JUSNB,
9,m2,JVWRC,
9,m2,JXCTF,
9,m2,KBPUC,
9,m2,KCPRJ,
9,m2,KIYTT,
9,m2,KRWHP,
9,m2,KSQVW,
9,m2,LFMEQ,
9,m2,LYFOV,
9,m2,MHKGW,
9,m2,MLXQY,
9,m2,MPQVV,
9,m2,MWDSM,
9,m2,MWTSC,
9,m2,MXZEG,
9,m2,NDNSG,
9,m2,NERZB,
9,m2,OEXJH,
9,m2,OJYDQ,
9,m2,OLPSA,
9,m2,OPSPN,
9,m2,OTJYA,
9,m2,PDSGL,
9,m2,PGVWP,
9,m2,PPZPY,
9,m2,PVBVQ,
9,m2,PWJJQ,
9,m2,QCTQV,
9,m2,QRNNV,
9,m2,QYBZC,
9,m2,RJKJF,
9,m2,RKDZV,
9,m2,RKTOH,
9,m2,RQOBK,
9,m2,RTXTZ,
9,m2,RZIII,
9,m2,SKXRF,
9,m2,SNNRO,
9,m2,SOOYS,
9,m2,SVOWQ,
9,m2,SXMNT,
9,m2,TDFNU,
9,m2,TDLLY,
9,m2,TICTG,
9,m2,TLEEF,
9,m2,TNUTC,
9,m2,TPMTB,
9,m2,TQUSO,
9,m2,TVNAD,
9,m2,TYDLF,
9,m2,TZHAK,
9,m2,UFEYS,
9,m2,UONRK,
9,m2,UXMBH,
9,m2,UYSCS,
9,m2,VBFGR,
9,m2,VEOXL,
9,m2,VHWFI,
9,m2,VQQGL,
9,m2,VSYYJ,
9,m2,WEESC,
9,m2,WEZFA,
9,m2,WOVCG,
9,m2,WTOCY,
9,m2,WUKAA,
9,m2,XDCSW,
9,m2,XEPOZ,
9,m2,XJMAV,
9,m2,XMREM,
9,m2,XPQFY,
9,m2,YIQTI,
9,m2,YJPRG,
9,m2,YKWAH,
9,m2,YMKYG,
9,m2,YPCFD,
9,m2,YQXIE,
9,m2,YUMWF,
9,m2,YYYQL,
9,m2,ZHMDL,
9,m2,ZJGNP,
9,m3,AFKFA,0.100000001
9,m3,AYJQH,0.050000001
9,m3,BGRYT,0
9,m3,BNSRX,1
9,m3,BRCTI,0.400000006
9,m3,BUTQG,0.050000001
9,m3,BXBPO,0.200000003
9,m3,BYUFT,0.349999994
9,m3,CQEXW,0.200000003
9,m3,CTDTP,0.300000012
9,m3,CTPQT,0.150000006
9,m3,DDLIA,0.100000001
9,m3,DMIIF,0.050000001
9,m3,DOPUB,0
9,m3,EALGQ,0.100000001
9,m3,EXHNR,0.050000001
9,m3,FFVHW,0.200000003
9,m3,FJTDI,0.300000012
9,m3,FOMBY,0.25
9,m3,FRHWQ,0
9,m3,GCPKB,0
9,m3,GFHGK,0.300000012
9,m3,GLYRR,0.200000003
9,m3,GOQTH,0.200000003
9,m3,HDWQD,0.100000001
9,m3,HKTWT,0.200000003
9,m3,HSACH,0.300000012
9,m3,HWAXH,0.100000001
9,m3,HWHKM,0.100000001
9,m3,HXXGB,0.01
9,m3,IEZOP,0
9,m3,IKPCK,0.100000001
9,m3,IXIJM,0
9,m3,JDMRD,0.300000012
9,m3,JERHM,0.200000003
9,m3,JJWQH,0.800000012
9,m3,KGDEO,0.200000003
9,m3,KMTVC,0.200000003
9,m3,KPQUF,0.100000001
9,m3,KXHZX,0.200000003
9,m3,KYQVB,0.050000001
9,m3,LCSDI,0.600000024
9,m3,LJPBD,0.200000003
9,m3,LMKYB,0
9,m3,LVFGB,0.050000001
9,m3,LXMYX,0.050000001
9,m3,LYXBB,0.400000006
9,m3,MLVJZ,0.100000001
9,m3,MMOYA,0.050000001
9,m3,MNRLM,0.100000001
9,m3,MQOED,0.850000024
9,m3,MREFB,0.5
9,m3,MUPMA,0.200000003
9,m3,MYWHH,0.100000001
9,m3,NLTVU,0.050000001
9,m3,NQYQN,0.050000001
9,m3,OAKPV,0.100000001
9,m3,OCSVL,0.230000004
9,m3,ODNWH,0
9,m3,OOJMX,0.230000004
9,m3,OPAXV,0
9,m3,PEOLU,0.100000001
9,m3,PHTZT,0.100000001
9,m3,POXNY,0.300000012
9,m3,PYBWP,0
9,m3,PZCZV,0.050000001
9,m3,QECXS,0
9,m3,QHNUD,0.100000001
9,m3,QKAZU,0.300000012
9,m3,QRVVY,0.400000006
9,m3,QVBAP,0.200000003
9,m3,QXEPS,0.100000001
9,m3,REAVM,0.400000006
9,m3,RLFXE,0
9,m3,RRFWI,0.200000003
9,m3,RRKTM,0.300000012
9,m3,RSFYN,0.300000012
9,m3,SIBYL,0.100000001
9,m3,SLETN,0.400000006
9,m3,SLKSA,0.100000001
9,m3,SNJRM,0.5
9,m3,TPCGC,0.100000001
9,m3,USYLJ,0.200000003
9,m3,UUYLF,0.100000001
9,m3,UWXVV,0.100000001
9,m3,VTIEK,0.699999988
9,m3,VTWWG,0.050000001
9,m3,VWIIZ,0.600000024
9,m3,VWQJN,0.200000003
9,m3,VWTHZ,0.400000006
9,m3,WOZHY,0.100000001
9,m3,WSKMW,0.100000001
9,m3,WTZSC,0.400000006
9,m3,WVBUA,0.100000001
9,m3,XCRTP,0.300000012
9,m3,XYJIX,0.100000001
9,m3,YEXRD,0.100000001
9,m3,YGDVU,0.100000001
9,m3,YHEMK,0.200000003
9,m3,YHGBZ,0.600000024
9,m3,YIPBA,0.300000012
9,m3,YSSFZ,0.050000001
9,m3,ZCZJN,0.5
9,m3,ZDOYC,0.300000012
10,m2,AGNPX,
10,m2,AIRBM,
10,m2,ARLEI,
10,m2,BBECX,
10,m2,BHPTI,
10,m2,BIYDE,
10,m2,BKCFP,
10,m2,BNPKB,
10,m2,BZRFC,
10,m2,CHIBT,
10,m2,CHJWI,
10,m2,COGEW,
10,m2,CUCGB,
10,m2,CYLLX,
10,m2,CYWGM,
10,m2,DBEOL,
10,m2,DCRKI,
10,m2,DLIYI,
10,m2,DOPFI,
10,m2,DPJYN,
10,m2,DRIUI,
10,m2,DSMMR,
10,m2,DUYEG,
10,m2,EDRGS,
10,m2,EFVYH,
10,m2,EMHKN,
10,m2,FDEEF,
10,m2,FGOQM,
10,m2,FTHMZ,
10,m2,FZDWW,
10,m2,FZMNK,
10,m2,GLFJZ,
10,m2,GZRWQ,
10,m2,HARNQ,
10,m2,HBEWR,
10,m2,HBQXZ,
10,m2,HEJKB,
10,m2,HFNSC,
10,m2,HJBDQ,
10,m2,HJEZS,
10,m2,IBCCH,
10,m2,ITXLG,
10,m2,IXRCJ,
10,m2,JAYYJ,
10,m2,JDVOM,
10,m2,JFFDX,
10,m2,JJAGL,
10,m2,JUSNB,
10,m2,JVWRC,
10,m2,JXCTF,
10,m2,KBPUC,
10,m2,KCPRJ,
10,m2,KIYTT,
10,m2,KRWHP,
10,m2,KSQVW,
10,m2,LFMEQ,
10,m2,LYFOV,
10,m2,MHKGW,
10,m2,MLXQY,
10,m2,MPQVV,
10,m2,MWDSM,
10,m2,MWTSC,
10,m2,MXZEG,
10,m2,NDNSG,
10,m2,NERZB,
10,m2,OEXJH,
10,m2,OJYDQ,
10,m2,OLPSA,
10,m2,OPSPN,
10,m2,OTJYA,
10,m2,PDSGL,
10,m2,PGVWP,
10,m2,PPZPY,
10,m2,PVBVQ,
10,m2,PWJJQ,
10,m2,QCTQV,
10,m2,QRNNV,
10,m2,QYBZC,
10,m2,RJKJF,
10,m2,RKDZV,
10,m2,RKTOH,
10,m2,RQOBK,
10,m2,RTXTZ,
10,m2,RZIII,
10,m2,SKXRF,
10,m2,SNNRO,
10,m2,SOOYS,
10,m2,SVOWQ,
10,m2,SXMNT,
10,m2,TDFNU,
10,m2,TDLLY,
10,m2,TICTG,
10,m2,TLEEF,
10,m2,TNUTC,
10,m2,TPMTB,
10,m2,TQUSO,
10,m2,TVNAD,
10,m2,TYDLF,
10,m2,TZHAK,
10,m2,UFEYS,
10,m2,UONRK,
10,m2,UXMBH,
10,m2,UYSCS,
10,m2,VBFGR,
10,m2,VEOXL,
10,m2,VHWFI,
10,m2,VQQGL,
10,m2,VSYYJ,
10,m2,WEESC,
10,m2,WEZFA,
10,m2,WOVCG,
10,m2,WTOCY,
10,m2,WUKAA,
10,m2,XDCSW,
10,m2,XEPOZ,
10,m2,XJMAV,
10,m2,XMREM,
10,m2,XPQFY,
10,m2,YIQTI,
10,m2,YJPRG,
10,m2,YKWAH,
10,m2,YMKYG,
10,m2,YPCFD,
10,m2,YQXIE,
10,m2,YUMWF,
10,m2,YYYQL,
10,m2,ZHMDL,
10,m2,ZJGNP,
10,m3,AFKFA,0.100000001
10,m3,AYJQH,0.25
10,m3,BGRYT,0
10,m3,BNSRX,0.300000012
10,m3,BRCTI,0.5
10,m3,BUTQG,0.050000001
10,m3,BXBPO,0.100000001
10,m3,BYUFT,0.400000006
10,m3,CQEXW,0.300000012
10,m3,CTDTP,0.600000024
10,m3,CTPQT,0.25
10,m3,DDLIA,0.200000003
10,m3,DMIIF,0.400000006
10,m3,DOPUB,0
10,m3,EALGQ,0.100000001
10,m3,EXHNR,0.050000001
10,m3,FFVHW,0.600000024
10,m3,FJTDI,0.200000003
10,m3,FOMBY,0.200000003
10,m3,FRHWQ,0.050000001
10,m3,GCPKB,0.400000006
10,m3,GFHGK,0.300000012
10,m3,GLYRR,0.100000001
10,m3,GOQTH,0.200000003
10,m3,HDWQD,0.200000003
10,m3,HKTWT,0.200000003
10,m3,HSACH,0.5
10,m3,HWAXH,0.100000001
10,m3,HWHKM,0.100000001
10,m3,HXXGB,0.01
10,m3,IEZOP,0.100000001
10,m3,IKPCK,0.100000001
10,m3,IXIJM,0
10,m3,JDMRD,0.400000006
10,m3,JERHM,0.300000012
10,m3,JJWQH,0.860000014
10,m3,KGDEO,0.200000003
10,m3,KMTVC,0.400000006
10,m3,KPQUF,0.050000001
10,m3,KXHZX,0.300000012
10,m3,KYQVB,0.100000001
10,m3,LCSDI,0.600000024
10,m3,LJPBD,0.200000003
10,m3,LMKYB,0
10,m3,LVFGB,0.02
10,m3,LXMYX,0.150000006
10,m3,LYXBB,0.300000012
10,m3,MLVJZ,0
10,m3,MMOYA,0.300000012
10,m3,MNRLM,0.300000012
10,m3,MQOED,0.850000024
10,m3,MREFB,0.400000006
10,m3,MUPMA,0.400000006
10,m3,MYWHH,0.400000006
10,m3,NLTVU,0.100000001
10,m3,NQYQN,0.050000001
10,m3,OAKPV,0.100000001
10,m3,OCSVL,0.270000011
10,m3,ODNWH,0.100000001
10,m3,OOJMX,0.07
10,m3,OPAXV,0.200000003
10,m3,PEOLU,0.200000003
10,m3,PHTZT,0.100000001
10,m3,POXNY,0.200000003
10,m3,PYBWP,0.25
10,m3,PZCZV,0.100000001
10,m3,QECXS,0
10,m3,QHNUD,0.100000001
10,m3,QKAZU,0.300000012
10,m3,QRVVY,0.400000006
10,m3,QVBAP,0.050000001
10,m3,QXEPS,0.300000012
10,m3,REAVM,0.239999995
10,m3,RLFXE,0
10,m3,RRFWI,0.100000001
10,m3,RRKTM,0.300000012
10,m3,RSFYN,0.349999994
10,m3,SIBYL,0.100000001
10,m3,SLETN,0.200000003
10,m3,SLKSA,0.200000003
10,m3,SNJRM,0.300000012
10,m3,TPCGC,0.300000012
10,m3,USYLJ,0.100000001
10,m3,UUYLF,0.100000001
10,m3,UWXVV,0.5
10,m3,VTIEK,0.200000003
10,m3,VTWWG,0.100000001
10,m3,VWIIZ,0.5
10,m3,VWQJN,0.200000003
10,m3,VWTHZ,0.400000006
10,m3,WOZHY,0.300000012
10,m3,WSKMW,0.300000012
10,m3,WTZSC,0.400000006
10,m3,WVBUA,0.100000001
10,m3,XCRTP,0.200000003
10,m3,XYJIX,0.050000001
10,m3,YEXRD,0.300000012
10,m3,YGDVU,0.050000001
10,m3,YHEMK,0.200000003
10,m3,YHGBZ,0.600000024
10,m3,YIPBA,0.300000012
10,m3,YSSFZ,0.100000001
10,m3,ZCZJN,0.400000006
10,m3,ZDOYC,0
11,m2,AGNPX,
11,m2,AIRBM,
11,m2,ARLEI,
11,m2,BBECX,
11,m2,BHPTI,
11,m2,BIYDE,
11,m2,BKCFP,
11,m2,BNPKB,
11,m2,BZRFC,
11,m2,CHIBT,
11,m2,CHJWI,
11,m2,COGEW,
11,m2,CUCGB,
11,m2,CYLLX,
11,m2,CYWGM,
11,m2,DBEOL,
11,m2,DCRKI,
11,m2,DLIYI,
11,m2,DOPFI,
11,m2,DPJYN,
11,m2,DRIUI,
11,m2,DSMMR,
11,m2,DUYEG,
11,m2,EDRGS,
11,m2,EFVYH,
11,m2,EMHKN,
11,m2,FDEEF,
11,m2,FGOQM,
11,m2,FTHMZ,
11,m2,FZDWW,
11,m2,FZMNK,
11,m2,GLFJZ,
11,m2,GZRWQ,
11,m2,HARNQ,
11,m2,HBEWR,
11,m2,HBQXZ,
11,m2,HEJKB,
11,m2,HFNSC,
11,m2,HJBDQ,
11,m2,HJEZS,
11,m2,IBCCH,
11,m2,ITXLG,
11,m2,IXRCJ,
11,m2,JAYYJ,
11,m2,JDVOM,
11,m2,JFFDX,
11,m2,JJAGL,
11,m2,JUSNB,
11,m2,JVWRC,
11,m2,JXCTF,
11,m2,KBPUC,
11,m2,KCPRJ,
11,m2,KIYTT,
11,m2,KRWHP,
11,m2,KSQVW,
11,m2,LFMEQ,
11,m2,LYFOV,
11,m2,MHKGW,
11,m2,MLXQY,
11,m2,MPQVV,
11,m2,MWDSM,
11,m2,MWTSC,
11,m2,MXZEG,
11,m2,NDNSG,
11,m2,NERZB,
11,m2,OEXJH,
11,m2,OJYDQ,
11,m2,OLPSA,
11,m2,OPSPN,
11,m2,OTJYA,
11,m2,PDSGL,
11,m2,PGVWP,
11,m2,PPZPY,
11,m2,PVBVQ,
11,m2,PWJJQ,
11,m2,QCTQV,
11,m2,QRNNV,
11,m2,QYBZC,
11,m2,RJKJF,
11,m2,RKDZV,
11,m2,RKTOH,
11,m2,RQOBK,
11,m2,RTXTZ,
11,m2,RZIII,
11,m2,SKXRF,
11,m2,SNNRO,
11,m2,SOOYS,
11,m2,SVOWQ,
11,m2,SXMNT,
11,m2,TDFNU,
11,m2,TDLLY,
11,m2,TICTG,
11,m2,TLEEF,
11,m2,TNUTC,
11,m2,TPMTB,
11,m2,TQUSO,
11,m2,TVNAD,
11,m2,TYDLF,
11,m2,TZHAK,
11,m2,UFEYS,
11,m2,UONRK,
11,m2,UXMBH,
11,m2,UYSCS,
11,m2,VBFGR,
11,m2,VEOXL,
11,m2,VHWFI,
11,m2,VQQGL,
11,m2,VSYYJ,
11,m2,WEESC,
11,m2,WEZFA,
11,m2,WOVCG,
11,m2,WTOCY,
11,m2,WUKAA,
11,m2,XDCSW,
11,m2,XEPOZ,
11,m2,XJMAV,
11,m2,XMREM,
11,m2,XPQFY,
11,m2,YIQTI,
11,m2,YJPRG,
11,m2,YKWAH,
11,m2,YMKYG,
11,m2,YPCFD,
11,m2,YQXIE,
11,m2,YUMWF,
11,m2,YYYQL,
11,m2,ZHMDL,
11,m2,ZJGNP,
11,m3,AFKFA,0.5
11,m3,AYJQH,0.200000003
11,m3,BGRYT,0
11,m3,BNSRX,0.899999976
11,m3,BRCTI,0.200000003
11,m3,BUTQG,0.699999988
11,m3,BXBPO,1
11,m3,BYUFT,0.720000029
11,m3,CQEXW,0.300000012
11,m3,CTDTP,0.800000012
11,m3,CTPQT,0.600000024
11,m3,DDLIA,0.5
11,m3,DMIIF,0.5
11,m3,DOPUB,1
11,m3,EALGQ,0.699999988
11,m3,EXHNR,0.449999988
11,m3,FFVHW,0.600000024
11,m3,FJTDI,0.850000024
11,m3,FOMBY,0.800000012
11,m3,FRHWQ,0.949999988
11,m3,GCPKB,1
11,m3,GFHGK,1
11,m3,GLYRR,0.5
11,m3,GOQTH,0.200000003
11,m3,HDWQD,0.100000001
11,m3,HKTWT,0.5
11,m3,HSACH,0.600000024
11,m3,HWAXH,0.349999994
11,m3,HWHKM,0.200000003
11,m3,HXXGB,0.200000003
11,m3,IEZOP,0.200000003
11,m3,IKPCK,0.200000003
11,m3,IXIJM,0.059999999
11,m3,JDMRD,0.479999989
11,m3,JERHM,0.899999976
11,m3,JJWQH,0.899999976
11,m3,KGDEO,0.5
11,m3,KMTVC,0.800000012
11,m3,KPQUF,0.850000024
11,m3,KXHZX,0.600000024
11,m3,KYQVB,0.400000006
11,m3,LCSDI,0.959999979
11,m3,LJPBD,0.699999988
11,m3,LMKYB,0.200000003
11,m3,LVFGB,0.200000003
11,m3,LXMYX,0.330000013
11,m3,LYXBB,0.699999988
11,m3,MLVJZ,0.800000012
11,m3,MMOYA,0.300000012
11,m3,MNRLM,0.300000012
11,m3,MQOED,0.850000024
11,m3,MREFB,0.5
11,m3,MUPMA,0.5
11,m3,MYWHH,0.550000012
11,m3,NLTVU,0.800000012
11,m3,NQYQN,0.200000003
11,m3,OAKPV,0.200000003
11,m3,OCSVL,0.189999998
11,m3,ODNWH,0.200000003
11,m3,OOJMX,0.200000003
11,m3,OPAXV,0.300000012
11,m3,PEOLU,0.699999988
11,m3,PHTZT,0.400000006
11,m3,POXNY,0.550000012
11,m3,PYBWP,1
11,m3,PZCZV,0.400000006
11,m3,QECXS,0.400000006
11,m3,QHNUD,0.5
11,m3,QKAZU,0.600000024
11,m3,QRVVY,0.550000012
11,m3,QVBAP,0.949999988
11,m3,QXEPS,0.300000012
11,m3,REAVM,0.319999993
11,m3,RLFXE,0.949999988
11,m3,RRFWI,1
11,m3,RRKTM,1
11,m3,RSFYN,0.649999976
11,m3,SIBYL,0.150000006
11,m3,SLETN,0.699999988
11,m3,SLKSA,0.800000012
11,m3,SNJRM,0.699999988
11,m3,TPCGC,0.600000024
11,m3,USYLJ,0.800000012
11,m3,UUYLF,0.699999988
11,m3,UWXVV,0.699999988
11,m3,VTIEK,1
11,m3,VTWWG,0.699999988
11,m3,VWIIZ,0.5
11,m3,VWQJN,0.300000012
11,m3,VWTHZ,0.100000001
11,m3,WOZHY,0.200000003
11,m3,WSKMW,0.200000003
11,m3,WTZSC,0.400000006
11,m3,WVBUA,0.300000012
11,m3,XCRTP,0.800000012
11,m3,XYJIX,0.200000003
11,m3,YEXRD,0.699999988
11,m3,YGDVU,0.200000003
11,m3,YHEMK,0.600000024
11,m3,YHGBZ,0.5
11,m3,YIPBA,0.699999988
11,m3,YSSFZ,0.300000012
11,m3,ZCZJN,0.800000012
11,m3,ZDOYC,0.300000012
12,m2,AGNPX,
12,m2,AIRBM,
12,m2,ARLEI,
12,m2,BBECX,
12,m2,BHPTI,
12,m2,BIYDE,
12,m2,BKCFP,
12,m2,BNPKB,
12,m2,BZRFC,
12,m2,CHIBT,
12,m2,CHJWI,
12,m2,COGEW,
12,m2,CUCGB,
12,m2,CYLLX,
12,m2,CYWGM,
12,m2,DBEOL,
12,m2,DCRKI,
12,m2,DLIYI,
12,m2,DOPFI,
12,m2,DPJYN,
12,m2,DRIUI,
12,m2,DSMMR,
12,m2,DUYEG,
12,m2,EDRGS,
12,m2,EFVYH,
12,m2,EMHKN,
12,m2,FDEEF,
12,m2,FGOQM,
12,m2,FTHMZ,
12,m2,FZDWW,
12,m2,FZMNK,
12,m2,GLFJZ,
12,m2,GZRWQ,
12,m2,HARNQ,
12,m2,HBEWR,
12,m2,HBQXZ,
12,m2,HEJKB,
12,m2,HFNSC,
12,m2,HJBDQ,
12,m2,HJEZS,
12,m2,IBCCH,
12,m2,ITXLG,
12,m2,IXRCJ,
12,m2,JAYYJ,
12,m2,JDVOM,
12,m2,JFFDX,
12,m2,JJAGL,
12,m2,JUSNB,
12,m2,JVWRC,
12,m2,JXCTF,
12,m2,KBPUC,
12,m2,KCPRJ,
12,m2,KIYTT,
12,m2,KRWHP,
12,m2,KSQVW,
12,m2,LFMEQ,
12,m2,LYFOV,
12,m2,MHKGW,
12,m2,MLXQY,
12,m2,MPQVV,
12,m2,MWDSM,
12,m2,MWTSC,
12,m2,MXZEG,
12,m2,NDNSG,
12,m2,NERZB,
12,m2,OEXJH,
12,m2,OJYDQ,
12,m2,OLPSA,
12,m2,OPSPN,
12,m2,OTJYA,
12,m2,PDSGL,
12,m2,PGVWP,
12,m2,PPZPY,
12,m2,PVBVQ,
12,m2,PWJJQ,
12,m2,QCTQV,
12,m2,QRNNV,
12,m2,QYBZC,
12,m2,RJKJF,
12,m2,RKDZV,
12,m2,RKTOH,
12,m2,RQOBK,
12,m2,RTXTZ,
12,m2,RZIII,
12,m2,SKXRF,
12,m2,SNNRO,
12,m2,SOOYS,
12,m2,SVOWQ,
12,m2,SXMNT,
12,m2,TDFNU,
12,m2,TDLLY,
12,m2,TICTG,
12,m2,TLEEF,
12,m2,TNUTC,
12,m2,TPMTB,
12,m2,TQUSO,
12,m2,TVNAD,
12,m2,TYDLF,
12,m2,TZHAK,
12,m2,UFEYS,
12,m2,UONRK,
12,m2,UXMBH,
12,m2,UYSCS,
12,m2,VBFGR,
12,m2,VEOXL,
12,m2,VHWFI,
12,m2,VQQGL,
12,m2,VSYYJ,
12,m2,WEESC,
12,m2,WEZFA,
12,m2,WOVCG,
12,m2,WTOCY,
12,m2,WUKAA,
12,m2,XDCSW,
12,m2,XEPOZ,
12,m2,XJMAV,
12,m2,XMREM,
12,m2,XPQFY,
12,m2,YIQTI,
12,m2,YJPRG,
12,m2,YKWAH,
12,m2,YMKYG,
12,m2,YPCFD,
12,m2,YQXIE,
12,m2,YUMWF,
12,m2,YYYQL,
12,m2,ZHMDL,
12,m2,ZJGNP,
12,m3,AFKFA,0.400000006
12,m3,AYJQH,0.150000006
12,m3,BGRYT,1
12,m3,BNSRX,0.899999976
12,m3,BRCTI,0.699999988
12,m3,BUTQG,0.600000024
12,m3,BXBPO,0.850000024
12,m3,BYUFT,0.189999998
12,m3,CQEXW,0.300000012
12,m3,CTDTP,0.850000024
12,m3,CTPQT,0.300000012
12,m3,DDLIA,0.100000001
12,m3,DMIIF,0.899999976
12,m3,DOPUB,0.899999976
12,m3,EALGQ,0.400000006
12,m3,EXHNR,0.300000012
12,m3,FFVHW,0.400000006
12,m3,FJTDI,0.75
12,m3,FOMBY,0.850000024
12,m3,FRHWQ,0.050000001
12,m3,GCPKB,1
12,m3,GFHGK,0.689999998
12,m3,GLYRR,0.5
12,m3,GOQTH,0.600000024
12,m3,HDWQD,0.340000004
12,m3,HKTWT,0.5
12,m3,HSACH,0.5
12,m3,HWAXH,0.200000003
12,m3,HWHKM,0.25
12,m3,HXXGB,0.100000001
12,m3,IEZOP,0.100000001
12,m3,IKPCK,0.100000001
12,m3,IXIJM,0.050000001
12,m3,JDMRD,0.550000012
12,m3,JERHM,0.829999983
12,m3,JJWQH,0.899999976
12,m3,KGDEO,0.400000006
12,m3,KMTVC,0.600000024
12,m3,KPQUF,0.400000006
12,m3,KXHZX,0.600000024
12,m3,KYQVB,0.300000012
12,m3,LCSDI,0.959999979
12,m3,LJPBD,0.600000024
12,m3,LMKYB,0.400000006
12,m3,LVFGB,0.100000001
12,m3,LXMYX,0.25
12,m3,LYXBB,0.5
12,m3,MLVJZ,0.400000006
12,m3,MMOYA,0.699999988
12,m3,MNRLM,0.100000001
12,m3,MQOED,0.899999976
12,m3,MREFB,0.100000001
12,m3,MUPMA,0.449999988
12,m3,MYWHH,0.699999988
12,m3,NLTVU,0.5
12,m3,NQYQN,0.050000001
12,m3,OAKPV,0.200000003
12,m3,OCSVL,0.439999998
12,m3,ODNWH,0.200000003
12,m3,OOJMX,0.25
12,m3,OPAXV,0.100000001
12,m3,PEOLU,0.699999988
12,m3,PHTZT,0.150000006
12,m3,POXNY,0.400000006
12,m3,PYBWP,0.5
12,m3,PZCZV,0.300000012
12,m3,QECXS,0.400000006
12,m3,QHNUD,0.600000024
12,m3,QKAZU,0.400000006
12,m3,QRVVY,0.449999988
12,m3,QVBAP,0.949999988
12,m3,QXEPS,0.400000006
12,m3,REAVM,0.289999992
12,m3,RLFXE,0.150000006
12,m3,RRFWI,0.550000012
12,m3,RRKTM,1
12,m3,RSFYN,0.349999994
12,m3,SIBYL,0.25
12,m3,SLETN,0.5
12,m3,SLKSA,0.649999976
12,m3,SNJRM,0.800000012
12,m3,TPCGC,0.600000024
12,m3,USYLJ,0.600000024
12,m3,UUYLF,0.200000003
12,m3,UWXVV,0.5
12,m3,VTIEK,0.699999988
12,m3,VTWWG,0.5
12,m3,VWIIZ,0.600000024
12,m3,VWQJN,0.800000012
12,m3,VWTHZ,0.100000001
12,m3,WOZHY,0.899999976
12,m3,WSKMW,0.200000003
12,m3,WTZSC,0.400000006
12,m3,WVBUA,0.400000006
12,m3,XCRTP,0.300000012
12,m3,XYJIX,0.100000001
12,m3,YEXRD,0.5
12,m3,YGDVU,0.200000003
12,m3,YHEMK,0.400000006
12,m3,YHGBZ,0.5
12,m3,YIPBA,0.649999976
12,m3,YSSFZ,0.100000001
12,m3,ZCZJN,0.400000006
12,m3,ZDOYC,0.400000006
13,m2,AGNPX,
13,m2,AIRBM,
13,m2,ARLEI,
13,m2,BBECX,
13,m2,BHPTI,
13,m2,BIYDE,
13,m2,BKCFP,
13,m2,BNPKB,
13,m2,BZRFC,
13,m2,CHIBT,
13,m2,CHJWI,
13,m2,COGEW,
13,m2,CUCGB,
13,m2,CYLLX,
13,m2,CYWGM,
13,m2,DBEOL,
13,m2,DCRKI,
13,m2,DLIYI,
13,m2,DOPFI,
13,m2,DPJYN,
13,m2,DRIUI,
13,m2,DSMMR,
13,m2,DUYEG,
13,m2,EDRGS,
13,m2,EFVYH,
13,m2,EMHKN,
13,m2,FDEEF,
13,m2,FGOQM,
13,m2,FTHMZ,
13,m2,FZDWW,
13,m2,FZMNK,
13,m2,GLFJZ,
13,m2,GZRWQ,
13,m2,HARNQ,
13,m2,HBEWR,
13,m2,HBQXZ,
13,m2,HEJKB,
13,m2,HFNSC,
13,m2,HJBDQ,
13,m2,HJEZS,
13,m2,IBCCH,
13,m2,ITXLG,
13,m2,IXRCJ,
13,m2,JAYYJ,
13,m2,JDVOM,
13,m2,JFFDX,
13,m2,JJAGL,
13,m2,JUSNB,
13,m2,JVWRC,
13,m2,JXCTF,
13,m2,KBPUC,
13,m2,KCPRJ,
13,m2,KIYTT,
13,m2,KRWHP,
13,m2,KSQVW,
13,m2,LFMEQ,
13,m2,LYFOV,
13,m2,MHKGW,
13,m2,MLXQY,
13,m2,MPQVV,
13,m2,MWDSM,
13,m2,MWTSC,
13,m2,MXZEG,
13,m2,NDNSG,
13,m2,NERZB,
13,m2,OEXJH,
13,m2,OJYDQ,
13,m2,OLPSA,
13,m2,OPSPN,
13,m2,OTJYA,
13,m2,PDSGL,
13,m2,PGVWP,
13,m2,PPZPY,
13,m2,PVBVQ,
13,m2,PWJJQ,
13,m2,QCTQV,
13,m2,QRNNV,
13,m2,QYBZC,
13,m2,RJKJF,
13,m2,RKDZV,
13,m2,RKTOH,
13,m2,RQOBK,
13,m2,RTXTZ,
13,m2,RZIII,
13,m2,SKXRF,
13,m2,SNNRO,
13,m2,SOOYS,
13,m2,SVOWQ,
13,m2,SXMNT,
13,m2,TDFNU,
13,m2,TDLLY,
13,m2,TICTG,
13,m2,TLEEF,
13,m2,TNUTC,
13,m2,TPMTB,
13,m2,TQUSO,
13,m2,TVNAD,
13,m2,TYDLF,
13,m2,TZHAK,
13,m2,UFEYS,
13,m2,UONRK,
13,m2,UXMBH,
13,m2,UYSCS,
13,m2,VBFGR,
13,m2,VEOXL,
13,m2,VHWFI,
13,m2,VQQGL,
13,m2,VSYYJ,
13,m2,WEESC,
13,m2,WEZFA,
13,m2,WOVCG,
13,m2,WTOCY,
13,m2,WUKAA,
13,m2,XDCSW,
13,m2,XEPOZ,
13,m2,XJMAV,
13,m2,XMREM,
13,m2,XPQFY,
13,m2,YIQTI,
13,m2,YJPRG,
13,m2,YKWAH,
13,m2,YMKYG,
13,m2,YPCFD,
13,m2,YQXIE,
13,m2,YUMWF,
13,m2,YYYQL,
13,m2,ZHMDL,
13,m2,ZJGNP,
13,m3,AFKFA,0.699999988
13,m3,AYJQH,0.699999988
13,m3,BGRYT,1
13,m3,BNSRX,0.899999976
13,m3,BRCTI,0.800000012
13,m3,BUTQG,0.800000012
13,m3,BXBPO,1
13,m3,BYUFT,0.889999986
13,m3,CQEXW,0.600000024
13,m3,CTDTP,0.899999976
13,m3,CTPQT,0.600000024
13,m3,DDLIA,0.699999988
13,m3,DMIIF,0.949999988
13,m3,DOPUB,1
13,m3,EALGQ,0.600000024
13,m3,EXHNR,0.699999988
13,m3,FFVHW,0.800000012
13,m3,FJTDI,0.850000024
13,m3,FOMBY,0.899999976
13,m3,FRHWQ,0.850000024
13,m3,GCPKB,1
13,m3,GFHGK,0.949999988
13,m3,GLYRR,0.800000012
13,m3,GOQTH,0.800000012
13,m3,HDWQD,0.75
13,m3,HKTWT,0.800000012
13,m3,HSACH,0.800000012
13,m3,HWAXH,0.050000001
13,m3,HWHKM,0.649999976
13,m3,HXXGB,0.25
13,m3,IEZOP,0.200000003
13,m3,IKPCK,0.400000006
13,m3,IXIJM,0.270000011
13,m3,JDMRD,0.670000017
13,m3,JERHM,0.920000017
13,m3,JJWQH,0.899999976
13,m3,KGDEO,0.550000012
13,m3,KMTVC,0.899999976
13,m3,KPQUF,0.800000012
13,m3,KXHZX,0.699999988
13,m3,KYQVB,0.400000006
13,m3,LCSDI,0.959999979
13,m3,LJPBD,0.899999976
13,m3,LMKYB,0.400000006
13,m3,LVFGB,0.400000006
13,m3,LXMYX,0.600000024
13,m3,LYXBB,0.800000012
13,m3,MLVJZ,1
13,m3,MMOYA,1
13,m3,MNRLM,0.200000003
13,m3,MQOED,0.970000029
13,m3,MREFB,0.699999988
13,m3,MUPMA,0.899999976
13,m3,MYWHH,0.800000012
13,m3,NLTVU,0.75
13,m3,NQYQN,0.200000003
13,m3,OAKPV,0.200000003
13,m3,OCSVL,0.360000014
13,m3,ODNWH,0.400000006
13,m3,OOJMX,0.430000007
13,m3,OPAXV,0.800000012
13,m3,PEOLU,1
13,m3,PHTZT,0.649999976
13,m3,POXNY,0.600000024
13,m3,PYBWP,1
13,m3,PZCZV,0.400000006
13,m3,QECXS,0.800000012
13,m3,QHNUD,0.75
13,m3,QKAZU,0.300000012
13,m3,QRVVY,0.600000024
13,m3,QVBAP,0.850000024
13,m3,QXEPS,0.25
13,m3,REAVM,0.709999979
13,m3,RLFXE,0.75
13,m3,RRFWI,1
13,m3,RRKTM,1
13,m3,RSFYN,0.649999976
13,m3,SIBYL,0.400000006
13,m3,SLETN,0.800000012
13,m3,SLKSA,0.699999988
13,m3,SNJRM,0.800000012
13,m3,TPCGC,0.800000012
13,m3,USYLJ,0.800000012
13,m3,UUYLF,0.800000012
13,m3,UWXVV,0.899999976
13,m3,VTIEK,1
13,m3,VTWWG,0.699999988
13,m3,VWIIZ,0.800000012
13,m3,VWQJN,0.800000012
13,m3,VWTHZ,0.400000006
13,m3,WOZHY,0.75
13,m3,WSKMW,0.600000024
13,m3,WTZSC,0.400000006
13,m3,WVBUA,0.400000006
13,m3,XCRTP,0.200000003
13,m3,XYJIX,0.400000006
13,m3,YEXRD,0.200000003
13,m3,YGDVU,0.100000001
13,m3,YHEMK,0.800000012
13,m3,YHGBZ,0.600000024
13,m3,YIPBA,0.699999988
13,m3,YSSFZ,0.800000012
13,m3,ZCZJN,0.699999988
13,m3,ZDOYC,0.400000006
14,m2,AGNPX,
14,m2,AIRBM,
14,m2,ARLEI,
14,m2,BBECX,
14,m2,BHPTI,
14,m2,BIYDE,
14,m2,BKCFP,
14,m2,BNPKB,
14,m2,BZRFC,
14,m2,CHIBT,
14,m2,CHJWI,
14,m2,COGEW,
14,m2,CUCGB,
14,m2,CYLLX,
14,m2,CYWGM,
14,m2,DBEOL,
14,m2,DCRKI,
14,m2,DLIYI,
14,m2,DOPFI,
14,m2,DPJYN,
14,m2,DRIUI,
14,m2,DSMMR,
14,m2,DUYEG,
14,m2,EDRGS,
14,m2,EFVYH,
14,m2,EMHKN,
14,m2,FDEEF,
14,m2,FGOQM,
14,m2,FTHMZ,
14,m2,FZDWW,
14,m2,FZMNK,
14,m2,GLFJZ,
14,m2,GZRWQ,
14,m2,HARNQ,
14,m2,HBEWR,
14,m2,HBQXZ,
14,m2,HEJKB,
14,m2,HFNSC,
14,m2,HJBDQ,
14,m2,HJEZS,
14,m2,IBCCH,
14,m2,ITXLG,
14,m2,IXRCJ,
14,m2,JAYYJ,
14,m2,JDVOM,
14,m2,JFFDX,
14,m2,JJAGL,
14,m2,JUSNB,
14,m2,JVWRC,
14,m2,JXCTF,
14,m2,KBPUC,
14,m2,KCPRJ,
14,m2,KIYTT,
14,m2,KRWHP,
14,m2,KSQVW,
14,m2,LFMEQ,
14,m2,LYFOV,
14,m2,MHKGW,
14,m2,MLXQY,
14,m2,MPQVV,
14,m2,MWDSM,
14,m2,MWTSC,
14,m2,MXZEG,
14,m2,NDNSG,
14,m2,NERZB,
14,m2,OEXJH,
14,m2,OJYDQ,
14,m2,OLPSA,
14,m2,OPSPN,
14,m2,OTJYA,
14,m2,PDSGL,
14,m2,PGVWP,
14,m2,PPZPY,
14,m2,PVBVQ,
14,m2,PWJJQ,
14,m2,QCTQV,
14,m2,QRNNV,
14,m2,QYBZC,
14,m2,RJKJF,
14,m2,RKDZV,
14,m2,RKTOH,
14,m2,RQOBK,
14,m2,RTXTZ,
14,m2,RZIII,
14,m2,SKXRF,
14,m2,SNNRO,
14,m2,SOOYS,
14,m2,SVOWQ,
14,m2,SXMNT,
14,m2,TDFNU,
14,m2,TDLLY,
14,m2,TICTG,
14,m2,TLEEF,
14,m2,TNUTC,
14,m2,TPMTB,
14,m2,TQUSO,
14,m2,TVNAD,
14,m2,TYDLF,
14,m2,TZHAK,
14,m2,UFEYS,
14,m2,UONRK,
14,m2,UXMBH,
14,m2,UYSCS,
14,m2,VBFGR,
14,m2,VEOXL,
14,m2,VHWFI,
14,m2,VQQGL,
14,m2,VSYYJ,
14,m2,WEESC,
14,m2,WEZFA,
14,m2,WOVCG,
14,m2,WTOCY,
14,m2,WUKAA,
14,m2,XDCSW,
14,m2,XEPOZ,
14,m2,XJMAV,
14,m2,XMREM,
14,m2,XPQFY,
14,m2,YIQTI,
14,m2,YJPRG,
14,m2,YKWAH,
14,m2,YMKYG,
14,m2,YPCFD,
14,m2,YQXIE,
14,m2,YUMWF,
14,m2,YYYQL,
14,m2,ZHMDL,
14,m2,ZJGNP,
14,m3,AFKFA,0.400000006
14,m3,AYJQH,0.25
14,m3,BGRYT,0
14,m3,BNSRX,0.600000024
14,m3,BRCTI,0.699999988
14,m3,BUTQG,0.400000006
14,m3,BXBPO,0.600000024
14,m3,BYUFT,0.75999999
14,m3,CQEXW,0.550000012
14,m3,CTDTP,0.800000012
14,m3,CTPQT,0.25
14,m3,DDLIA,0.300000012
14,m3,DMIIF,0.300000012
14,m3,DOPUB,0.699999988
14,m3,EALGQ,0.100000001
14,m3,EXHNR,0.5
14,m3,FFVHW,0.100000001
14,m3,FJTDI,0.699999988
14,m3,FOMBY,0.649999976
14,m3,FRHWQ,0.400000006
14,m3,GCPKB,0.5
14,m3,GFHGK,0.699999988
14,m3,GLYRR,0.300000012
14,m3,GOQTH,0.800000012
14,m3,HDWQD,0.200000003
14,m3,HKTWT,0.5
14,m3,HSACH,0.600000024
14,m3,HWAXH,0.100000001
14,m3,HWHKM,0.200000003
14,m3,HXXGB,0.200000003
14,m3,IEZOP,0.100000001
14,m3,IKPCK,0.5
14,m3,IXIJM,0
14,m3,JDMRD,0.5
14,m3,JERHM,0.769999981
14,m3,JJWQH,0.75
14,m3,KGDEO,0.349999994
14,m3,KMTVC,0.800000012
14,m3,KPQUF,0.800000012
14,m3,KXHZX,0.300000012
14,m3,KYQVB,0.200000003
14,m3,LCSDI,0.800000012
14,m3,LJPBD,0.899999976
14,m3,LMKYB,0.300000012
14,m3,LVFGB,0.300000012
14,m3,LXMYX,0.300000012
14,m3,LYXBB,0.800000012
14,m3,MLVJZ,0.800000012
14,m3,MMOYA,1
14,m3,MNRLM,0.5
14,m3,MQOED,0.970000029
14,m3,MREFB,0.699999988
14,m3,MUPMA,0.75
14,m3,MYWHH,0.699999988
14,m3,NLTVU,0.25
14,m3,NQYQN,0.050000001
14,m3,OAKPV,0.200000003
14,m3,OCSVL,0.349999994
14,m3,ODNWH,0.050000001
14,m3,OOJMX,0.400000006
14,m3,OPAXV,0.200000003
14,m3,PEOLU,0.400000006
14,m3,PHTZT,0.5
14,m3,POXNY,0.400000006
14,m3,PYBWP,0.600000024
14,m3,PZCZV,0.100000001
14,m3,QECXS,0.150000006
14,m3,QHNUD,0.5
14,m3,QKAZU,0.600000024
14,m3,QRVVY,0.449999988
14,m3,QVBAP,0.949999988
14,m3,QXEPS,0.400000006
14,m3,REAVM,0.439999998
14,m3,RLFXE,0.150000006
14,m3,RRFWI,0.5
14,m3,RRKTM,0.600000024
14,m3,RSFYN,0.430000007
14,m3,SIBYL,0.200000003
14,m3,SLETN,0.600000024
14,m3,SLKSA,0.699999988
14,m3,SNJRM,0.200000003
14,m3,TPCGC,0.800000012
14,m3,USYLJ,0.400000006
14,m3,UUYLF,0.5
14,m3,UWXVV,0.699999988
14,m3,VTIEK,0.800000012
14,m3,VTWWG,0.600000024
14,m3,VWIIZ,0.699999988
14,m3,VWQJN,0.200000003
14,m3,VWTHZ,0.400000006
14,m3,WOZHY,0.150000006
14,m3,WSKMW,0.400000006
14,m3,WTZSC,0.400000006
14,m3,WVBUA,0.400000006
14,m3,XCRTP,0.300000012
14,m3,XYJIX,0.050000001
14,m3,YEXRD,0.200000003
14,m3,YGDVU,0.5
14,m3,YHEMK,0.300000012
14,m3,YHGBZ,0.600000024
14,m3,YIPBA,0.649999976
14,m3,YSSFZ,0.850000024
14,m3,ZCZJN,0.300000012
14,m3,ZDOYC,0.300000012
15,m2,AGNPX,
15,m2,AIRBM,
15,m2,ARLEI,
15,m2,BBECX,
15,m2,BHPTI,
15,m2,BIYDE,
15,m2,BKCFP,
15,m2,BNPKB,
15,m2,BZRFC,
15,m2,CHIBT,
15,m2,CHJWI,
15,m2,COGEW,
15,m2,CUCGB,
15,m2,CYLLX,
15,m2,CYWGM,
15,m2,DBEOL,
15,m2,DCRKI,
15,m2,DLIYI,
15,m2,DOPFI,
15,m2,DPJYN,
15,m2,DRIUI,
15,m2,DSMMR,
15,m2,DUYEG,
15,m2,EDRGS,
15,m2,EFVYH,
15,m2,EMHKN,
15,m2,FDEEF,
15,m2,FGOQM,
15,m2,FTHMZ,
15,m2,FZDWW,
15,m2,FZMNK,
15,m2,GLFJZ,
15,m2,GZRWQ,
15,m2,HARNQ,
15,m2,HBEWR,
15,m2,HBQXZ,
15,m2,HEJKB,
15,m2,HFNSC,
15,m2,HJBDQ,
15,m2,HJEZS,
15,m2,IBCCH,
15,m2,ITXLG,
15,m2,IXRCJ,
15,m2,JAYYJ,
15,m2,JDVOM,
15,m2,JFFDX,
15,m2,JJAGL,
15,m2,JUSNB,
15,m2,JVWRC,
15,m2,JXCTF,
15,m2,KBPUC,
15,m2,KCPRJ,
15,m2,KIYTT,
15,m2,KRWHP,
15,m2,KSQVW,
15,m2,LFMEQ,
15,m2,LYFOV,
15,m2,MHKGW,
15,m2,MLXQY,
15,m2,MPQVV,
15,m2,MWDSM,
15,m2,MWTSC,
15,m2,MXZEG,
15,m2,NDNSG,
15,m2,NERZB,
15,m2,OEXJH,
15,m2,OJYDQ,
15,m2,OLPSA,
15,m2,OPSPN,
15,m2,OTJYA,
15,m2,PDSGL,
15,m2,PGVWP,
15,m2,PPZPY,
15,m2,PVBVQ,
15,m2,PWJJQ,
15,m2,QCTQV,
15,m2,QRNNV,
15,m2,QYBZC,
15,m2,RJKJF,
15,m2,RKDZV,
15,m2,RKTOH,
15,m2,RQOBK,
15,m2,RTXTZ,
15,m2,RZIII,
15,m2,SKXRF,
15,m2,SNNRO,
15,m2,SOOYS,
15,m2,SVOWQ,
15,m2,SXMNT,
15,m2,TDFNU,
15,m2,TDLLY,
15,m2,TICTG,
15,m2,TLEEF,
15,m2,TNUTC,
15,m2,TPMTB,
15,m2,TQUSO,
15,m2,TVNAD,
15,m2,TYDLF,
15,m2,TZHAK,
15,m2,UFEYS,
15,m2,UONRK,
15,m2,UXMBH,
15,m2,UYSCS,
15,m2,VBFGR,
15,m2,VEOXL,
15,m2,VHWFI,
15,m2,VQQGL,
15,m2,VSYYJ,
15,m2,WEESC,
15,m2,WEZFA,
15,m2,WOVCG,
15,m2,WTOCY,
15,m2,WUKAA,
15,m2,XDCSW,
15,m2,XEPOZ,
15,m2,XJMAV,
15,m2,XMREM,
15,m2,XPQFY,
15,m2,YIQTI,
15,m2,YJPRG,
15,m2,YKWAH,
15,m2,YMKYG,
15,m2,YPCFD,
15,m2,YQXIE,
15,m2,YUMWF,
15,m2,YYYQL,
15,m2,ZHMDL,
15,m2,ZJGNP,
15,m3,AFKFA,0.100000001
15,m3,AYJQH,0.300000012
15,m3,BGRYT,0
15,m3,BNSRX,0.800000012
15,m3,BRCTI,0.100000001
15,m3,BUTQG,0.050000001
15,m3,BXBPO,0.400000006
15,m3,BYUFT,0.050000001
15,m3,CQEXW,0.150000006
15,m3,CTDTP,0.100000001
15,m3,CTPQT,0.150000006
15,m3,DDLIA,0.25
15,m3,DMIIF,0.200000003
15,m3,DOPUB,0.600000024
15,m3,EALGQ,0.150000006
15,m3,EXHNR,0.200000003
15,m3,FFVHW,0.100000001
15,m3,FJTDI,0.150000006
15,m3,FOMBY,0.600000024
15,m3,FRHWQ,0.050000001
15,m3,GCPKB,0.5
15,m3,GFHGK,0.100000001
15,m3,GLYRR,0.200000003
15,m3,GOQTH,0.5
15,m3,HDWQD,0.100000001
15,m3,HKTWT,0.200000003
15,m3,HSACH,0.100000001
15,m3,HWAXH,0.75
15,m3,HWHKM,0.200000003
15,m3,HXXGB,0.050000001
15,m3,IEZOP,0
15,m3,IKPCK,0
15,m3,IXIJM,0.400000006
15,m3,JDMRD,0.050000001
15,m3,JERHM,0.25
15,m3,JJWQH,0.25
15,m3,KGDEO,0.300000012
15,m3,KMTVC,0.400000006
15,m3,KPQUF,0
15,m3,KXHZX,0.600000024
15,m3,KYQVB,0.25
15,m3,LCSDI,0.699999988
15,m3,LJPBD,0.5
15,m3,LMKYB,0
15,m3,LVFGB,0.01
15,m3,LXMYX,0.200000003
15,m3,LYXBB,0.400000006
15,m3,MLVJZ,0.400000006
15,m3,MMOYA,0.400000006
15,m3,MNRLM,0.100000001
15,m3,MQOED,0.699999988
15,m3,MREFB,0.300000012
15,m3,MUPMA,0.400000006
15,m3,MYWHH,0.100000001
15,m3,NLTVU,0.400000006
15,m3,NQYQN,0.050000001
15,m3,OAKPV,0.100000001
15,m3,OCSVL,0.200000003
15,m3,ODNWH,0
15,m3,OOJMX,0.050000001
15,m3,OPAXV,0.699999988
15,m3,PEOLU,0.200000003
15,m3,PHTZT,0.029999999
15,m3,POXNY,0.400000006
15,m3,PYBWP,0.200000003
15,m3,PZCZV,0.100000001
15,m3,QECXS,0.150000006
15,m3,QHNUD,0.150000006
15,m3,QKAZU,0.25
15,m3,QRVVY,0.200000003
15,m3,QVBAP,0.200000003
15,m3,QXEPS,0.200000003
15,m3,REAVM,0.200000003
15,m3,RLFXE,0.059999999
15,m3,RRFWI,0.400000006
15,m3,RRKTM,0.600000024
15,m3,RSFYN,0.300000012
15,m3,SIBYL,0.400000006
15,m3,SLETN,0.400000006
15,m3,SLKSA,0.400000006
15,m3,SNJRM,0.100000001
15,m3,TPCGC,0.300000012
15,m3,USYLJ,0
15,m3,UUYLF,0.150000006
15,m3,UWXVV,0.400000006
15,m3,VTIEK,0.400000006
15,m3,VTWWG,0.200000003
15,m3,VWIIZ,0.400000006
15,m3,VWQJN,0.400000006
15,m3,VWTHZ,0.699999988
15,m3,WOZHY,0.100000001
15,m3,WSKMW,0.400000006
15,m3,WTZSC,0.400000006
15,m3,WVBUA,0.5
15,m3,XCRTP,0.200000003
15,m3,XYJIX,0.100000001
15,m3,YEXRD,0.150000006
15,m3,YGDVU,0.200000003
15,m3,YHEMK,0.200000003
15,m3,YHGBZ,0
15,m3,YIPBA,0.100000001
15,m3,YSSFZ,0.050000001
15,m3,ZCZJN,0.200000003
15,m3,ZDOYC,0
16,m2,AGNPX,
16,m2,AIRBM,
16,m2,ARLEI,
16,m2,BBECX,
16,m2,BHPTI,
16,m2,BIYDE,
16,m2,BKCFP,
16,m2,BNPKB,
16,m2,BZRFC,
16,m2,CHIBT,
16,m2,CHJWI,
16,m2,COGEW,
16,m2,CUCGB,
16,m2,CYLLX,
16,m2,CYWGM,
16,m2,DBEOL,
16,m2,DCRKI,
16,m2,DLIYI,
16,m2,DOPFI,
16,m2,DPJYN,
16,m2,DRIUI,
16,m2,DSMMR,
16,m2,DUYEG,
16,m2,EDRGS,
16,m2,EFVYH,
16,m2,EMHKN,
16,m2,FDEEF,
16,m2,FGOQM,
16,m2,FTHMZ,
16,m2,FZDWW,
16,m2,FZMNK,
16,m2,GLFJZ,
16,m2,GZRWQ,
16,m2,HARNQ,
16,m2,HBEWR,
16,m2,HBQXZ,
16,m2,HEJKB,
16,m2,HFNSC,
16,m2,HJBDQ,
16,m2,HJEZS,
16,m2,IBCCH,
16,m2,ITXLG,
16,m2,IXRCJ,
16,m2,JAYYJ,
16,m2,JDVOM,
16,m2,JFFDX,
16,m2,JJAGL,
16,m2,JUSNB,
16,m2,JVWRC,
16,m2,JXCTF,
16,m2,KBPUC,
16,m2,KCPRJ,
16,m2,KIYTT,
16,m2,KRWHP,
16,m2,KSQVW,
16,m2,LFMEQ,
16,m2,LYFOV,
16,m2,MHKGW,
16,m2,MLXQY,
16,m2,MPQVV,
16,m2,MWDSM,
16,m2,MWTSC,
16,m2,MXZEG,
16,m2,NDNSG,
16,m2,NERZB,
16,m2,OEXJH,
16,m2,OJYDQ,
16,m2,OLPSA,
16,m2,OPSPN,
16,m2,OTJYA,
16,m2,PDSGL,
16,m2,PGVWP,
16,m2,PPZPY,
16,m2,PVBVQ,
16,m2,PWJJQ,
16,m2,QCTQV,
16,m2,QRNNV,
16,m2,QYBZC,
16,m2,RJKJF,
16,m2,RKDZV,
16,m2,RKTOH,
16,m2,RQOBK,
16,m2,RTXTZ,
16,m2,RZIII,
16,m2,SKXRF,
16,m2,SNNRO,
16,m2,SOOYS,
16,m2,SVOWQ,
16,m2,SXMNT,
16,m2,TDFNU,
16,m2,TDLLY,
16,m2,TICTG,
16,m2,TLEEF,
16,m2,TNUTC,
16,m2,TPMTB,
16,m2,TQUSO,
16,m2,TVNAD,
16,m2,TYDLF,
16,m2,TZHAK,
16,m2,UFEYS,
16,m2,UONRK,
16,m2,UXMBH,
16,m2,UYSCS,
16,m2,VBFGR,
16,m2,VEOXL,
16,m2,VHWFI,
16,m2,VQQGL,
16,m2,VSYYJ,
16,m2,WEESC,
16,m2,WEZFA,
16,m2,WOVCG,
16,m2,WTOCY,
16,m2,WUKAA,
16,m2,XDCSW,
16,m2,XEPOZ,
16,m2,XJMAV,
16,m2,XMREM,
16,m2,XPQFY,
16,m2,YIQTI,
16,m2,YJPRG,
16,m2,YKWAH,
16,m2,YMKYG,
16,m2,YPCFD,
16,m2,YQXIE,
16,m2,YUMWF,
16,m2,YYYQL,
16,m2,ZHMDL,
16,m2,ZJGNP,
16,m3,AFKFA,0.300000012
16,m3,AYJQH,0.25
16,m3,BGRYT,0
16,m3,BNSRX,0.699999988
16,m3,BRCTI,0.699999988
16,m3,BUTQG,0.400000006
16,m3,BXBPO,0.400000006
16,m3,BYUFT,0.310000002
16,m3,CQEXW,0.200000003
16,m3,CTDTP,0.300000012
16,m3,CTPQT,0.200000003
16,m3,DDLIA,0.25
16,m3,DMIIF,0.899999976
16,m3,DOPUB,0.899999976
16,m3,EALGQ,0.200000003
16,m3,EXHNR,0.050000001
16,m3,FFVHW,0.800000012
16,m3,FJTDI,0.800000012
16,m3,FOMBY,0.800000012
16,m3,FRHWQ,0.800000012
16,m3,GCPKB,0.800000012
16,m3,GFHGK,0.75
16,m3,GLYRR,0.200000003
16,m3,GOQTH,0.300000012
16,m3,HDWQD,0.330000013
16,m3,HKTWT,0.400000006
16,m3,HSACH,0.600000024
16,m3,HWAXH,0.300000012
16,m3,HWHKM,0.5
16,m3,HXXGB,0.200000003
16,m3,IEZOP,0.100000001
16,m3,IKPCK,0.100000001
16,m3,IXIJM,0
16,m3,JDMRD,0.649999976
16,m3,JERHM,0.649999976
16,m3,JJWQH,0.699999988
16,m3,KGDEO,0.400000006
16,m3,KMTVC,0.600000024
16,m3,KPQUF,0.5
16,m3,KXHZX,0.400000006
16,m3,KYQVB,0.349999994
16,m3,LCSDI,0.850000024
16,m3,LJPBD,0.400000006
16,m3,LMKYB,0.600000024
16,m3,LVFGB,0
16,m3,LXMYX,0.25
16,m3,LYXBB,0.200000003
16,m3,MLVJZ,0.100000001
16,m3,MMOYA,0.200000003
16,m3,MNRLM,0.300000012
16,m3,MQOED,0.970000029
16,m3,MREFB,0.699999988
16,m3,MUPMA,0.5
16,m3,MYWHH,0.75
16,m3,NLTVU,0.400000006
16,m3,NQYQN,0.050000001
16,m3,OAKPV,0.150000006
16,m3,OCSVL,0.150000006
16,m3,ODNWH,0.200000003
16,m3,OOJMX,0.230000004
16,m3,OPAXV,0.699999988
16,m3,PEOLU,0.400000006
16,m3,PHTZT,0.100000001
16,m3,POXNY,0.400000006
16,m3,PYBWP,0.5
16,m3,PZCZV,0.25
16,m3,QECXS,0.150000006
16,m3,QHNUD,0.200000003
16,m3,QKAZU,0.200000003
16,m3,QRVVY,0.449999988
16,m3,QVBAP,0.050000001
16,m3,QXEPS,0.25
16,m3,REAVM,0.409999996
16,m3,RLFXE,0.100000001
16,m3,RRFWI,0.300000012
16,m3,RRKTM,0.400000006
16,m3,RSFYN,0.649999976
16,m3,SIBYL,0.25
16,m3,SLETN,0.400000006
16,m3,SLKSA,0.550000012
16,m3,SNJRM,0.5
16,m3,TPCGC,0.200000003
16,m3,USYLJ,0.400000006
16,m3,UUYLF,0.150000006
16,m3,UWXVV,0.400000006
16,m3,VTIEK,0.600000024
16,m3,VTWWG,0.600000024
16,m3,VWIIZ,0.800000012
16,m3,VWQJN,0.600000024
16,m3,VWTHZ,0.340000004
16,m3,WOZHY,0.25
16,m3,WSKMW,0.300000012
16,m3,WTZSC,0.400000006
16,m3,WVBUA,0.300000012
16,m3,XCRTP,0.400000006
16,m3,XYJIX,0.200000003
16,m3,YEXRD,0.200000003
16,m3,YGDVU,0.400000006
16,m3,YHEMK,0.600000024
16,m3,YHGBZ,0.400000006
16,m3,YIPBA,0.400000006
16,m3,YSSFZ,0.300000012
16,m3,ZCZJN,0.300000012
16,m3,ZDOYC,0.200000003
17,m2,AGNPX,
17,m2,AIRBM,
17,m2,ARLEI,
17,m2,BBECX,
17,m2,BHPTI,
17,m2,BIYDE,
17,m2,BKCFP,
17,m2,BNPKB,
17,m2,BZRFC,
17,m2,CHIBT,
17,m2,CHJWI,
17,m2,COGEW,
17,m2,CUCGB,
17,m2,CYLLX,
17,m2,CYWGM,
17,m2,DBEOL,
17,m2,DCRKI,
17,m2,DLIYI,
17,m2,DOPFI,
17,m2,DPJYN,
17,m2,DRIUI,
17,m2,DSMMR,
17,m2,DUYEG,
17,m2,EDRGS,
17,m2,EFVYH,
17,m2,EMHKN,
17,m2,FDEEF,
17,m2,FGOQM,
17,m2,FTHMZ,
17,m2,FZDWW,
17,m2,FZMNK,
17,m2,GLFJZ,
17,m2,GZRWQ,
17,m2,HARNQ,
17,m2,HBEWR,
17,m2,HBQXZ,
17,m2,HEJKB,
17,m2,HFNSC,
17,m2,HJBDQ,
17,m2,HJEZS,
17,m2,IBCCH,
17,m2,ITXLG,
17,m2,IXRCJ,
17,m2,JAYYJ,
17,m2,JDVOM,
17,m2,JFFDX,
17,m2,JJAGL,
17,m2,JUSNB,
17,m2,JVWRC,
17,m2,JXCTF,
17,m2,KBPUC,
17,m2,KCPRJ,
17,m2,KIYTT,
17,m2,KRWHP,
17,m2,KSQVW,
17,m2,LFMEQ,
17,m2,LYFOV,
17,m2,MHKGW,
17,m2,MLXQY,
17,m2,MPQVV,
17,m2,MWDSM,
17,m2,MWTSC,
17,m2,MXZEG,
17,m2,NDNSG,
17,m2,NERZB,
17,m2,OEXJH,
17,m2,OJYDQ,
17,m2,OLPSA,
17,m2,OPSPN,
17,m2,OTJYA,
17,m2,PDSGL,
17,m2,PGVWP,
17,m2,PPZPY,
17,m2,PVBVQ,
17,m2,PWJJQ,
17,m2,QCTQV,
17,m2,QRNNV,
17,m2,QYBZC,
17,m2,RJKJF,
17,m2,RKDZV,
17,m2,RKTOH,
17,m2,RQOBK,
17,m2,RTXTZ,
17,m2,RZIII,
17,m2,SKXRF,
17,m2,SNNRO,
17,m2,SOOYS,
17,m2,SVOWQ,
17,m2,SXMNT,
17,m2,TDFNU,
17,m2,TDLLY,
17,m2,TICTG,
17,m2,TLEEF,
17,m2,TNUTC,
17,m2,TPMTB,
17,m2,TQUSO,
17,m2,TVNAD,
17,m2,TYDLF,
17,m2,TZHAK,
17,m2,UFEYS,
17,m2,UONRK,
17,m2,UXMBH,
17,m2,UYSCS,
17,m2,VBFGR,
17,m2,VEOXL,
17,m2,VHWFI,
17,m2,VQQGL,
17,m2,VSYYJ,
17,m2,WEESC,
17,m2,WEZFA,
17,m2,WOVCG,
17,m2,WTOCY,
17,m2,WUKAA,
17,m2,XDCSW,
17,m2,XEPOZ,
17,m2,XJMAV,
17,m2,XMREM,
17,m2,XPQFY,
17,m2,YIQTI,
17,m2,YJPRG,
17,m2,YKWAH,
17,m2,YMKYG,
17,m2,YPCFD,
17,m2,YQXIE,
17,m2,YUMWF,
17,m2,YYYQL,
17,m2,ZHMDL,
17,m2,ZJGNP,
17,m3,AFKFA,0.400000006
17,m3,AYJQH,0.150000006
17,m3,BGRYT,1
17,m3,BNSRX,0.600000024
17,m3,BRCTI,0.75
17,m3,BUTQG,0.75
17,m3,BXBPO,0.75
17,m3,BYUFT,0.870000005
17,m3,CQEXW,0.200000003
17,m3,CTDTP,0.699999988
17,m3,CTPQT,0.5
17,m3,DDLIA,0.25
17,m3,DMIIF,0.5
17,m3,DOPUB,0.699999988
17,m3,EALGQ,0.5
17,m3,EXHNR,0.25
17,m3,FFVHW,0.899999976
17,m3,FJTDI,0.75
17,m3,FOMBY,0.400000006
17,m3,FRHWQ,0.300000012
17,m3,GCPKB,0.699999988
17,m3,GFHGK,0.75
17,m3,GLYRR,0.800000012
17,m3,GOQTH,0.300000012
17,m3,HDWQD,0.25
17,m3,HKTWT,0.400000006
17,m3,HSACH,0.699999988
17,m3,HWAXH,0
17,m3,HWHKM,0.100000001
17,m3,HXXGB,0.200000003
17,m3,IEZOP,0.050000001
17,m3,IKPCK,0.699999988
17,m3,IXIJM,0
17,m3,JDMRD,0.5
17,m3,JERHM,0.899999976
17,m3,JJWQH,0.899999976
17,m3,KGDEO,0.600000024
17,m3,KMTVC,0.699999988
17,m3,KPQUF,0.400000006
17,m3,KXHZX,0.699999988
17,m3,KYQVB,0.200000003
17,m3,LCSDI,0.899999976
17,m3,LJPBD,0.449999988
17,m3,LMKYB,0.400000006
17,m3,LVFGB,0.300000012
17,m3,LXMYX,0.600000024
17,m3,LYXBB,0.5
17,m3,MLVJZ,0.800000012
17,m3,MMOYA,0.699999988
17,m3,MNRLM,0.100000001
17,m3,MQOED,0.699999988
17,m3,MREFB,0.800000012
17,m3,MUPMA,0.600000024
17,m3,MYWHH,0.639999986
17,m3,NLTVU,0.5
17,m3,NQYQN,0.050000001
17,m3,OAKPV,0.200000003
17,m3,OCSVL,0.389999986
17,m3,ODNWH,0.200000003
17,m3,OOJMX,0.050000001
17,m3,OPAXV,0.200000003
17,m3,PEOLU,0.300000012
17,m3,PHTZT,0.5
17,m3,POXNY,0.25
17,m3,PYBWP,0.800000012
17,m3,PZCZV,0.100000001
17,m3,QECXS,0.02
17,m3,QHNUD,0.150000006
17,m3,QKAZU,0.600000024
17,m3,QRVVY,0.5
17,m3,QVBAP,0.899999976
17,m3,QXEPS,0.300000012
17,m3,REAVM,0.189999998
17,m3,RLFXE,0.050000001
17,m3,RRFWI,0.800000012
17,m3,RRKTM,0.699999988
17,m3,RSFYN,0.400000006
17,m3,SIBYL,0.5
17,m3,SLETN,0.5
17,m3,SLKSA,0.699999988
17,m3,SNJRM,0.200000003
17,m3,TPCGC,0.200000003
17,m3,USYLJ,0.100000001
17,m3,UUYLF,0.079999998
17,m3,UWXVV,0.800000012
17,m3,VTIEK,0.600000024
17,m3,VTWWG,0.699999988
17,m3,VWIIZ,0.899999976
17,m3,VWQJN,0.400000006
17,m3,VWTHZ,0.050000001
17,m3,WOZHY,0.75
17,m3,WSKMW,0.100000001
17,m3,WTZSC,0.400000006
17,m3,WVBUA,0.200000003
17,m3,XCRTP,0.100000001
17,m3,XYJIX,0.050000001
17,m3,YEXRD,0.349999994
17,m3,YGDVU,0.100000001
17,m3,YHEMK,0.400000006
17,m3,YHGBZ,0.550000012
17,m3,YIPBA,0.400000006
17,m3,YSSFZ,0.75
17,m3,ZCZJN,0.400000006
17,m3,ZDOYC,0
18,m2,AGNPX,
18,m2,AIRBM,
18,m2,ARLEI,
18,m2,BBECX,
18,m2,BHPTI,
18,m2,BIYDE,
18,m2,BKCFP,
18,m2,BNPKB,
18,m2,BZRFC,
18,m2,CHIBT,
18,m2,CHJWI,
18,m2,COGEW,
18,m2,CUCGB,
18,m2,CYLLX,
18,m2,CYWGM,
18,m2,DBEOL,
18,m2,DCRKI,
18,m2,DLIYI,
18,m2,DOPFI,
18,m2,DPJYN,
18,m2,DRIUI,
18,m2,DSMMR,
18,m2,DUYEG,
18,m2,EDRGS,
18,m2,EFVYH,
18,m2,EMHKN,
18,m2,FDEEF,
18,m2,FGOQM,
18,m2,FTHMZ,
18,m2,FZDWW,
18,m2,FZMNK,
18,m2,GLFJZ,
18,m2,GZRWQ,
18,m2,HARNQ,
18,m2,HBEWR,
18,m2,HBQXZ,
18,m2,HEJKB,
18,m2,HFNSC,
18,m2,HJBDQ,
18,m2,HJEZS,
18,m2,IBCCH,
18,m2,ITXLG,
18,m2,IXRCJ,
18,m2,JAYYJ,
18,m2,JDVOM,
18,m2,JFFDX,
18,m2,JJAGL,
18,m2,JUSNB,
18,m2,JVWRC,
18,m2,JXCTF,
18,m2,KBPUC,
18,m2,KCPRJ,
18,m2,KIYTT,
18,m2,KRWHP,
18,m2,KSQVW,
18,m2,LFMEQ,
18,m2,LYFOV,
18,m2,MHKGW,
18,m2,MLXQY,
18,m2,MPQVV,
18,m2,MWDSM,
18,m2,MWTSC,
18,m2,MXZEG,
18,m2,NDNSG,
18,m2,NERZB,
18,m2,OEXJH,
18,m2,OJYDQ,
18,m2,OLPSA,
18,m2,OPSPN,
18,m2,OTJYA,
18,m2,PDSGL,
18,m2,PGVWP,
18,m2,PPZPY,
18,m2,PVBVQ,
18,m2,PWJJQ,
18,m2,QCTQV,
18,m2,QRNNV,
18,m2,QYBZC,
18,m2,RJKJF,
18,m2,RKDZV,
18,m2,RKTOH,
18,m2,RQOBK,
18,m2,RTXTZ,
18,m2,RZIII,
18,m2,SKXRF,
18,m2,SNNRO,
18,m2,SOOYS,
18,m2,SVOWQ,
18,m2,SXMNT,
18,m2,TDFNU,
18,m2,TDLLY,
18,m2,TICTG,
18,m2,TLEEF,
18,m2,TNUTC,
18,m2,TPMTB,
18,m2,TQUSO,
18,m2,TVNAD,
18,m2,TYDLF,
18,m2,TZHAK,
18,m2,UFEYS,
18,m2,UONRK,
18,m2,UXMBH,
18,m2,UYSCS,
18,m2,VBFGR,
18,m2,VEOXL,
18,m2,VHWFI,
18,m2,VQQGL,
18,m2,VSYYJ,
18,m2,WEESC,
18,m2,WEZFA,
18,m2,WOVCG,
18,m2,WTOCY,
18,m2,WUKAA,
18,m2,XDCSW,
18,m2,XEPOZ,
18,m2,XJMAV,
18,m2,XMREM,
18,m2,XPQFY,
18,m2,YIQTI,
18,m2,YJPRG,
18,m2,YKWAH,
18,m2,YMKYG,
18,m2,YPCFD,
18,m2,YQXIE,
18,m2,YUMWF,
18,m2,YYYQL,
18,m2,ZHMDL,
18,m2,ZJGNP,
18,m3,AFKFA,0.400000006
18,m3,AYJQH,0.300000012
18,m3,BGRYT,1
18,m3,BNSRX,0.699999988
18,m3,BRCTI,0.200000003
18,m3,BUTQG,0.600000024
18,m3,BXBPO,0.800000012
18,m3,BYUFT,0.5
18,m3,CQEXW,0.150000006
18,m3,CTDTP,0.600000024
18,m3,CTPQT,0.600000024
18,m3,DDLIA,0.699999988
18,m3,DMIIF,0.400000006
18,m3,DOPUB,0.600000024
18,m3,EALGQ,0.800000012
18,m3,EXHNR,0.050000001
18,m3,FFVHW,0.600000024
18,m3,FJTDI,0.25
18,m3,FOMBY,0.550000012
18,m3,FRHWQ,0.100000001
18,m3,GCPKB,1
18,m3,GFHGK,0.349999994
18,m3,GLYRR,0.100000001
18,m3,GOQTH,0.200000003
18,m3,HDWQD,0.200000003
18,m3,HKTWT,0.5
18,m3,HSACH,0.200000003
18,m3,HWAXH,0.699999988
18,m3,HWHKM,0.200000003
18,m3,HXXGB,0.050000001
18,m3,IEZOP,0.100000001
18,m3,IKPCK,0.200000003
18,m3,IXIJM,0.25
18,m3,JDMRD,0.050000001
18,m3,JERHM,0.300000012
18,m3,JJWQH,0.899999976
18,m3,KGDEO,0.449999988
18,m3,KMTVC,0.800000012
18,m3,KPQUF,0.400000006
18,m3,KXHZX,0.699999988
18,m3,KYQVB,0.349999994
18,m3,LCSDI,0.800000012
18,m3,LJPBD,0.800000012
18,m3,LMKYB,0.200000003
18,m3,LVFGB,0.01
18,m3,LXMYX,0.600000024
18,m3,LYXBB,0.699999988
18,m3,MLVJZ,0.600000024
18,m3,MMOYA,1
18,m3,MNRLM,0.200000003
18,m3,MQOED,0.899999976
18,m3,MREFB,0.100000001
18,m3,MUPMA,0.850000024
18,m3,MYWHH,0.400000006
18,m3,NLTVU,0.449999988
18,m3,NQYQN,0.050000001
18,m3,OAKPV,0.150000006
18,m3,OCSVL,0.200000003
18,m3,ODNWH,0.050000001
18,m3,OOJMX,0.029999999
18,m3,OPAXV,0.75
18,m3,PEOLU,0.600000024
18,m3,PHTZT,0.449999988
18,m3,POXNY,0.200000003
18,m3,PYBWP,0.949999988
18,m3,PZCZV,0.25
18,m3,QECXS,0.200000003
18,m3,QHNUD,0.200000003
18,m3,QKAZU,0.5
18,m3,QRVVY,0.400000006
18,m3,QVBAP,1
18,m3,QXEPS,0.050000001
18,m3,REAVM,0.400000006
18,m3,RLFXE,0.100000001
18,m3,RRFWI,0.899999976
18,m3,RRKTM,0.699999988
18,m3,RSFYN,0.349999994
18,m3,SIBYL,0.400000006
18,m3,SLETN,0.400000006
18,m3,SLKSA,0.600000024
18,m3,SNJRM,0.100000001
18,m3,TPCGC,0.699999988
18,m3,USYLJ,0
18,m3,UUYLF,0.300000012
18,m3,UWXVV,0.5
18,m3,VTIEK,0.899999976
18,m3,VTWWG,0.25
18,m3,VWIIZ,0.300000012
18,m3,VWQJN,0.600000024
18,m3,VWTHZ,0.800000012
18,m3,WOZHY,0.699999988
18,m3,WSKMW,0.300000012
18,m3,WTZSC,0.400000006
18,m3,WVBUA,0.5
18,m3,XCRTP,0.699999988
18,m3,XYJIX,0.100000001
18,m3,YEXRD,0.5
18,m3,YGDVU,0.100000001
18,m3,YHEMK,0.400000006
18,m3,YHGBZ,0
18,m3,YIPBA,0.400000006
18,m3,YSSFZ,0.050000001
18,m3,ZCZJN,0.5
18,m3,ZDOYC,0
19,m2,AGNPX,
19,m2,AIRBM,
19,m2,ARLEI,
19,m2,BBECX,
19,m2,BHPTI,
19,m2,BIYDE,
19,m2,BKCFP,
19,m2,BNPKB,
19,m2,BZRFC,
19,m2,CHIBT,
19,m2,CHJWI,
19,m2,COGEW,
19,m2,CUCGB,
19,m2,CYLLX,
19,m2,CYWGM,
19,m2,DBEOL,
19,m2,DCRKI,
19,m2,DLIYI,
19,m2,DOPFI,
19,m2,DPJYN,
19,m2,DRIUI,
19,m2,DSMMR,
19,m2,DUYEG,
19,m2,EDRGS,
19,m2,EFVYH,
19,m2,EMHKN,
19,m2,FDEEF,
19,m2,FGOQM,
19,m2,FTHMZ,
19,m2,FZDWW,
19,m2,FZMNK,
19,m2,GLFJZ,
19,m2,GZRWQ,
19,m2,HARNQ,
19,m2,HBEWR,
19,m2,HBQXZ,
19,m2,HEJKB,
19,m2,HFNSC,
19,m2,HJBDQ,
19,m2,HJEZS,
19,m2,IBCCH,
19,m2,ITXLG,
19,m2,IXRCJ,
19,m2,JAYYJ,
19,m2,JDVOM,
19,m2,JFFDX,
19,m2,JJAGL,
19,m2,JUSNB,
19,m2,JVWRC,
19,m2,JXCTF,
19,m2,KBPUC,
19,m2,KCPRJ,
19,m2,KIYTT,
19,m2,KRWHP,
19,m2,KSQVW,
19,m2,LFMEQ,
19,m2,LYFOV,
19,m2,MHKGW,
19,m2,MLXQY,
19,m2,MPQVV,
19,m2,MWDSM,
19,m2,MWTSC,
19,m2,MXZEG,
19,m2,NDNSG,
19,m2,NERZB,
19,m2,OEXJH,
19,m2,OJYDQ,
19,m2,OLPSA,
19,m2,OPSPN,
19,m2,OTJYA,
19,m2,PDSGL,
19,m2,PGVWP,
19,m2,PPZPY,
19,m2,PVBVQ,
19,m2,PWJJQ,
19,m2,QCTQV,
19,m2,QRNNV,
19,m2,QYBZC,
19,m2,RJKJF,
19,m2,RKDZV,
19,m2,RKTOH,
19,m2,RQOBK,
19,m2,RTXTZ,
19,m2,RZIII,
19,m2,SKXRF,
19,m2,SNNRO,
19,m2,SOOYS,
19,m2,SVOWQ,
19,m2,SXMNT,
19,m2,TDFNU,
19,m2,TDLLY,
19,m2,TICTG,
19,m2,TLEEF,
19,m2,TNUTC,
19,m2,TPMTB,
19,m2,TQUSO,
19,m2,TVNAD,
19,m2,TYDLF,
19,m2,TZHAK,
19,m2,UFEYS,
19,m2,UONRK,
19,m2,UXMBH,
19,m2,UYSCS,
19,m2,VBFGR,
19,m2,VEOXL,
19,m2,VHWFI,
19,m2,VQQGL,
19,m2,VSYYJ,
19,m2,WEESC,
19,m2,WEZFA,
19,m2,WOVCG,
19,m2,WTOCY,
19,m2,WUKAA,
19,m2,XDCSW,
19,m2,XEPOZ,
19,m2,XJMAV,
19,m2,XMREM,
19,m2,XPQFY,
19,m2,YIQTI,
19,m2,YJPRG,
19,m2,YKWAH,
19,m2,YMKYG,
19,m2,YPCFD,
19,m2,YQXIE,
19,m2,YUMWF,
19,m2,YYYQL,
19,m2,ZHMDL,
19,m2,ZJGNP,
19,m3,AFKFA,0.400000006
19,m3,AYJQH,0.349999994
19,m3,BGRYT,0
19,m3,BNSRX,0.899999976
19,m3,BRCTI,0.649999976
19,m3,BUTQG,0.850000024
19,m3,BXBPO,0.850000024
19,m3,BYUFT,0.589999974
19,m3,CQEXW,0.200000003
19,m3,CTDTP,0.899999976
19,m3,CTPQT,0.200000003
19,m3,DDLIA,0.150000006
19,m3,DMIIF,0.949999988
19,m3,DOPUB,1
19,m3,EALGQ,0.699999988
19,m3,EXHNR,0.300000012
19,m3,FFVHW,0.800000012
19,m3,FJTDI,0.899999976
19,m3,FOMBY,0.850000024
19,m3,FRHWQ,0.949999988
19,m3,GCPKB,1
19,m3,GFHGK,1
19,m3,GLYRR,0.400000006
19,m3,GOQTH,0.400000006
19,m3,HDWQD,0.200000003
19,m3,HKTWT,0.5
19,m3,HSACH,0.600000024
19,m3,HWAXH,0.600000024
19,m3,HWHKM,0.5
19,m3,HXXGB,0.5
19,m3,IEZOP,0.300000012
19,m3,IKPCK,0.400000006
19,m3,IXIJM,0.050000001
19,m3,JDMRD,0.49000001
19,m3,JERHM,0.75
19,m3,JJWQH,0.870000005
19,m3,KGDEO,0.579999983
19,m3,KMTVC,0.300000012
19,m3,KPQUF,0.899999976
19,m3,KXHZX,0.699999988
19,m3,KYQVB,0.5
19,m3,LCSDI,0.959999979
19,m3,LJPBD,0.550000012
19,m3,LMKYB,0.600000024
19,m3,LVFGB,0.100000001
19,m3,LXMYX,0.25
19,m3,LYXBB,0.800000012
19,m3,MLVJZ,0.899999976
19,m3,MMOYA,1
19,m3,MNRLM,0.100000001
19,m3,MQOED,0.910000026
19,m3,MREFB,0.800000012
19,m3,MUPMA,0.400000006
19,m3,MYWHH,0.800000012
19,m3,NLTVU,0.699999988
19,m3,NQYQN,0.050000001
19,m3,OAKPV,0.200000003
19,m3,OCSVL,0.129999995
19,m3,ODNWH,0.100000001
19,m3,OOJMX,0.5
19,m3,OPAXV,0.800000012
19,m3,PEOLU,0.800000012
19,m3,PHTZT,0.449999988
19,m3,POXNY,0.600000024
19,m3,PYBWP,1
19,m3,PZCZV,0.5
19,m3,QECXS,0.899999976
19,m3,QHNUD,0.5
19,m3,QKAZU,0.600000024
19,m3,QRVVY,0.349999994
19,m3,QVBAP,1
19,m3,QXEPS,0.25
19,m3,REAVM,0.439999998
19,m3,RLFXE,0.800000012
19,m3,RRFWI,1
19,m3,RRKTM,1
19,m3,RSFYN,0.800000012
19,m3,SIBYL,0.649999976
19,m3,SLETN,0.600000024
19,m3,SLKSA,0.600000024
19,m3,SNJRM,0.699999988
19,m3,TPCGC,0.5
19,m3,USYLJ,0.400000006
19,m3,UUYLF,0.600000024
19,m3,UWXVV,0.800000012
19,m3,VTIEK,1
19,m3,VTWWG,0.600000024
19,m3,VWIIZ,0.949999988
19,m3,VWQJN,0.5
19,m3,VWTHZ,0.699999988
19,m3,WOZHY,0.600000024
19,m3,WSKMW,0.400000006
19,m3,WTZSC,0.400000006
19,m3,WVBUA,0.699999988
19,m3,XCRTP,0.5
19,m3,XYJIX,0.100000001
19,m3,YEXRD,0.800000012
19,m3,YGDVU,0.100000001
19,m3,YHEMK,0.5
19,m3,YHGBZ,0.200000003
19,m3,YIPBA,0.600000024
19,m3,YSSFZ,0.300000012
19,m3,ZCZJN,0.200000003
19,m3,ZDOYC,0.600000024
20,m2,AGNPX,
20,m2,AIRBM,
20,m2,ARLEI,
20,m2,BBECX,
20,m2,BHPTI,
20,m2,BIYDE,
20,m2,BKCFP,
20,m2,BNPKB,
20,m2,BZRFC,
20,m2,CHIBT,
20,m2,CHJWI,
20,m2,COGEW,
20,m2,CUCGB,
20,m2,CYLLX,
20,m2,CYWGM,
20,m2,DBEOL,
20,m2,DCRKI,
20,m2,DLIYI,
20,m2,DOPFI,
20,m2,DPJYN,
20,m2,DRIUI,
20,m2,DSMMR,
20,m2,DUYEG,
20,m2,EDRGS,
20,m2,EFVYH,
20,m2,EMHKN,
20,m2,FDEEF,
20,m2,FGOQM,
20,m2,FTHMZ,
20,m2,FZDWW,
20,m2,FZMNK,
20,m2,GLFJZ,
20,m2,GZRWQ,
20,m2,HARNQ,
20,m2,HBEWR,
20,m2,HBQXZ,
20,m2,HEJKB,
20,m2,HFNSC,
20,m2,HJBDQ,
20,m2,HJEZS,
20,m2,IBCCH,
20,m2,ITXLG,
20,m2,IXRCJ,
20,m2,JAYYJ,
20,m2,JDVOM,
20,m2,JFFDX,
20,m2,JJAGL,
20,m2,JUSNB,
20,m2,JVWRC,
20,m2,JXCTF,
20,m2,KBPUC,
20,m2,KCPRJ,
20,m2,KIYTT,
20,m2,KRWHP,
20,m2,KSQVW,
20,m2,LFMEQ,
20,m2,LYFOV,
20,m2,MHKGW,
20,m2,MLXQY,
20,m2,MPQVV,
20,m2,MWDSM,
20,m2,MWTSC,
20,m2,MXZEG,
20,m2,NDNSG,
20,m2,NERZB,
20,m2,OEXJH,
20,m2,OJYDQ,
20,m2,OLPSA,
20,m2,OPSPN,
20,m2,OTJYA,
20,m2,PDSGL,
20,m2,PGVWP,
20,m2,PPZPY,
20,m2,PVBVQ,
20,m2,PWJJQ,
20,m2,QCTQV,
20,m2,QRNNV,
20,m2,QYBZC,
20,m2,RJKJF,
20,m2,RKDZV,
20,m2,RKTOH,
20,m2,RQOBK,
20,m2,RTXTZ,
20,m2,RZIII,
20,m2,SKXRF,
20,m2,SNNRO,
20,m2,SOOYS,
20,m2,SVOWQ,
20,m2,SXMNT,
20,m2,TDFNU,
20,m2,TDLLY,
20,m2,TICTG,
20,m2,TLEEF,
20,m2,TNUTC,
20,m2,TPMTB,
20,m2,TQUSO,
20,m2,TVNAD,
20,m2,TYDLF,
20,m2,TZHAK,
20,m2,UFEYS,
20,m2,UONRK,
20,m2,UXMBH,
20,m2,UYSCS,
20,m2,VBFGR,
20,m2,VEOXL,
20,m2,VHWFI,
20,m2,VQQGL,
20,m2,VSYYJ,
20,m2,WEESC,
20,m2,WEZFA,
20,m2,WOVCG,
20,m2,WTOCY,
20,m2,WUKAA,
20,m2,XDCSW,
20,m2,XEPOZ,
20,m2,XJMAV,
20,m2,XMREM,
20,m2,XPQFY,
20,m2,YIQTI,
20,m2,YJPRG,
20,m2,YKWAH,
20,m2,YMKYG,
20,m2,YPCFD,
20,m2,YQXIE,
20,m2,YUMWF,
20,m2,YYYQL,
20,m2,ZHMDL,
20,m2,ZJGNP,
20,m3,AFKFA,0.300000012
20,m3,AYJQH,0.150000006
20,m3,BGRYT,0
20,m3,BNSRX,0.75
20,m3,BRCTI,0.699999988
20,m3,BUTQG,0.800000012
20,m3,BXBPO,0.300000012
20,m3,BYUFT,0.629999995
20,m3,CQEXW,0.400000006
20,m3,CTDTP,0.899999976
20,m3,CTPQT,0.25
20,m3,DDLIA,0.25
20,m3,DMIIF,0.850000024
20,m3,DOPUB,0.699999988
20,m3,EALGQ,0.200000003
20,m3,EXHNR,0.050000001
20,m3,FFVHW,0.600000024
20,m3,FJTDI,0.449999988
20,m3,FOMBY,0.5
20,m3,FRHWQ,0.5
20,m3,GCPKB,0.699999988
20,m3,GFHGK,0.75
20,m3,GLYRR,0.600000024
20,m3,GOQTH,0.300000012
20,m3,HDWQD,0.340000004
20,m3,HKTWT,0.5
20,m3,HSACH,0.600000024
20,m3,HWAXH,0.100000001
20,m3,HWHKM,0.400000006
20,m3,HXXGB,0.300000012
20,m3,IEZOP,0.100000001
20,m3,IKPCK,0.200000003
20,m3,IXIJM,0
20,m3,JDMRD,0.5
20,m3,JERHM,0.449999988
20,m3,JJWQH,0.899999976
20,m3,KGDEO,0.550000012
20,m3,KMTVC,0.899999976
20,m3,KPQUF,0
20,m3,KXHZX,0.600000024
20,m3,KYQVB,0.400000006
20,m3,LCSDI,0.5
20,m3,LJPBD,0.649999976
20,m3,LMKYB,0.100000001
20,m3,LVFGB,0.050000001
20,m3,LXMYX,0.200000003
20,m3,LYXBB,0.899999976
20,m3,MLVJZ,1
20,m3,MMOYA,1
20,m3,MNRLM,0.300000012
20,m3,MQOED,0.529999971
20,m3,MREFB,0.699999988
20,m3,MUPMA,0.899999976
20,m3,MYWHH,0.400000006
20,m3,NLTVU,0.5
20,m3,NQYQN,0.050000001
20,m3,OAKPV,0.150000006
20,m3,OCSVL,0.439999998
20,m3,ODNWH,0.150000006
20,m3,OOJMX,0.529999971
20,m3,OPAXV,0.600000024
20,m3,PEOLU,0.400000006
20,m3,PHTZT,0.75
20,m3,POXNY,0.200000003
20,m3,PYBWP,0.800000012
20,m3,PZCZV,0.200000003
20,m3,QECXS,0.400000006
20,m3,QHNUD,0.200000003
20,m3,QKAZU,0.5
20,m3,QRVVY,0.600000024
20,m3,QVBAP,0
20,m3,QXEPS,0.200000003
20,m3,REAVM,0.330000013
20,m3,RLFXE,0.300000012
20,m3,RRFWI,1
20,m3,RRKTM,0.800000012
20,m3,RSFYN,0.5
20,m3,SIBYL,0.349999994
20,m3,SLETN,0.600000024
20,m3,SLKSA,0.800000012
20,m3,SNJRM,0.400000006
20,m3,TPCGC,0.200000003
20,m3,USYLJ,0.100000001
20,m3,UUYLF,0.550000012
20,m3,UWXVV,0.5
20,m3,VTIEK,0.800000012
20,m3,VTWWG,0.300000012
20,m3,VWIIZ,0.800000012
20,m3,VWQJN,0.300000012
20,m3,VWTHZ,0.100000001
20,m3,WOZHY,0.699999988
20,m3,WSKMW,0.300000012
20,m3,WTZSC,0.400000006
20,m3,WVBUA,0.400000006
20,m3,XCRTP,0.200000003
20,m3,XYJIX,0.100000001
20,m3,YEXRD,0.150000006
20,m3,YGDVU,0.200000003
20,m3,YHEMK,0.600000024
20,m3,YHGBZ,0.400000006
20,m3,YIPBA,0.200000003
20,m3,YSSFZ,0.050000001
20,m3,ZCZJN,0.300000012
20,m3,ZDOYC,0
21,m2,AGNPX,
21,m2,AIRBM,
21,m2,ARLEI,
21,m2,BBECX,
21,m2,BHPTI,
21,m2,BIYDE,
21,m2,BKCFP,
21,m2,BNPKB,
21,m2,BZRFC,
21,m2,CHIBT,
21,m2,CHJWI,
21,m2,COGEW,
21,m2,CUCGB,
21,m2,CYLLX,
21,m2,CYWGM,
21,m2,DBEOL,
21,m2,DCRKI,
21,m2,DLIYI,
21,m2,DOPFI,
21,m2,DPJYN,
21,m2,DRIUI,
21,m2,DSMMR,
21,m2,DUYEG,
21,m2,EDRGS,
21,m2,EFVYH,
21,m2,EMHKN,
21,m2,FDEEF,
21,m2,FGOQM,
21,m2,FTHMZ,
21,m2,FZDWW,
21,m2,FZMNK,
21,m2,GLFJZ,
21,m2,GZRWQ,
21,m2,HARNQ,
21,m2,HBEWR,
21,m2,HBQXZ,
21,m2,HEJKB,
21,m2,HFNSC,
21,m2,HJBDQ,
21,m2,HJEZS,
21,m2,IBCCH,
21,m2,ITXLG,
21,m2,IXRCJ,
21,m2,JAYYJ,
21,m2,JDVOM,
21,m2,JFFDX,
21,m2,JJAGL,
21,m2,JUSNB,
21,m2,JVWRC,
21,m2,JXCTF,
21,m2,KBPUC,
21,m2,KCPRJ,
21,m2,KIYTT,
21,m2,KRWHP,
21,m2,KSQVW,
21,m2,LFMEQ,
21,m2,LYFOV,
21,m2,MHKGW,
21,m2,MLXQY,
21,m2,MPQVV,
21,m2,MWDSM,
21,m2,MWTSC,
21,m2,MXZEG,
21,m2,NDNSG,
21,m2,NERZB,
21,m2,OEXJH,
21,m2,OJYDQ,
21,m2,OLPSA,
21,m2,OPSPN,
21,m2,OTJYA,
21,m2,PDSGL,
21,m2,PGVWP,
21,m2,PPZPY,
21,m2,PVBVQ,
21,m2,PWJJQ,
21,m2,QCTQV,
21,m2,QRNNV,
21,m2,QYBZC,
21,m2,RJKJF,
21,m2,RKDZV,
21,m2,RKTOH,
21,m2,RQOBK,
21,m2,RTXTZ,
21,m2,RZIII,
21,m2,SKXRF,
21,m2,SNNRO,
21,m2,SOOYS,
21,m2,SVOWQ,
21,m2,SXMNT,
21,m2,TDFNU,
21,m2,TDLLY,
21,m2,TICTG,
21,m2,TLEEF,
21,m2,TNUTC,
21,m2,TPMTB,
21,m2,TQUSO,
21,m2,TVNAD,
21,m2,TYDLF,
21,m2,TZHAK,
21,m2,UFEYS,
21,m2,UONRK,
21,m2,UXMBH,
21,m2,UYSCS,
21,m2,VBFGR,
21,m2,VEOXL,
21,m2,VHWFI,
21,m2,VQQGL,
21,m2,VSYYJ,
21,m2,WEESC,
21,m2,WEZFA,
21,m2,WOVCG,
21,m2,WTOCY,
21,m2,WUKAA,
21,m2,XDCSW,
21,m2,XEPOZ,
21,m2,XJMAV,
21,m2,XMREM,
21,m2,XPQFY,
21,m2,YIQTI,
21,m2,YJPRG,
21,m2,YKWAH,
21,m2,YMKYG,
21,m2,YPCFD,
21,m2,YQXIE,
21,m2,YUMWF,
21,m2,YYYQL,
21,m2,ZHMDL,
21,m2,ZJGNP,
21,m3,AFKFA,0.100000001
21,m3,AYJQH,0.100000001
21,m3,BGRYT,0
21,m3,BNSRX,0.5
21,m3,BRCTI,0.649999976
21,m3,BUTQG,0.050000001
21,m3,BXBPO,0.400000006
21,m3,BYUFT,0.02
21,m3,CQEXW,0.5
21,m3,CTDTP,0.400000006
21,m3,CTPQT,0.25
21,m3,DDLIA,0.100000001
21,m3,DMIIF,0.050000001
21,m3,DOPUB,0.200000003
21,m3,EALGQ,0.100000001
21,m3,EXHNR,0.050000001
21,m3,FFVHW,0.100000001
21,m3,FJTDI,0.200000003
21,m3,FOMBY,0.100000001
21,m3,FRHWQ,0.050000001
21,m3,GCPKB,0.300000012
21,m3,GFHGK,0.25
21,m3,GLYRR,0.600000024
21,m3,GOQTH,0.200000003
21,m3,HDWQD,0.200000003
21,m3,HKTWT,0.200000003
21,m3,HSACH,0.800000012
21,m3,HWAXH,0.25
21,m3,HWHKM,0.100000001
21,m3,HXXGB,0.200000003
21,m3,IEZOP,0
21,m3,IKPCK,0.200000003
21,m3,IXIJM,0
21,m3,JDMRD,0.5
21,m3,JERHM,0.349999994
21,m3,JJWQH,0.879999995
21,m3,KGDEO,0.5
21,m3,KMTVC,0.200000003
21,m3,KPQUF,0.100000001
21,m3,KXHZX,0.200000003
21,m3,KYQVB,0.200000003
21,m3,LCSDI,0.550000012
21,m3,LJPBD,0.300000012
21,m3,LMKYB,0
21,m3,LVFGB,0.050000001
21,m3,LXMYX,0.100000001
21,m3,LYXBB,0.400000006
21,m3,MLVJZ,0
21,m3,MMOYA,0.050000001
21,m3,MNRLM,0.100000001
21,m3,MQOED,1
21,m3,MREFB,0.800000012
21,m3,MUPMA,0.100000001
21,m3,MYWHH,0.400000006
21,m3,NLTVU,0.100000001
21,m3,NQYQN,0.050000001
21,m3,OAKPV,0.300000012
21,m3,OCSVL,0.200000003
21,m3,ODNWH,0
21,m3,OOJMX,0.029999999
21,m3,OPAXV,0.200000003
21,m3,PEOLU,0
21,m3,PHTZT,0.02
21,m3,POXNY,0.200000003
21,m3,PYBWP,0
21,m3,PZCZV,0.100000001
21,m3,QECXS,0
21,m3,QHNUD,0.200000003
21,m3,QKAZU,0.400000006
21,m3,QRVVY,0.600000024
21,m3,QVBAP,0.050000001
21,m3,QXEPS,0.200000003
21,m3,REAVM,0.319999993
21,m3,RLFXE,0
21,m3,RRFWI,0
21,m3,RRKTM,0.300000012
21,m3,RSFYN,0.300000012
21,m3,SIBYL,0.100000001
21,m3,SLETN,0.5
21,m3,SLKSA,0.200000003
21,m3,SNJRM,0.400000006
21,m3,TPCGC,0.300000012
21,m3,USYLJ,0.100000001
21,m3,UUYLF,0.100000001
21,m3,UWXVV,0.649999976
21,m3,VTIEK,0.400000006
21,m3,VTWWG,0.100000001
21,m3,VWIIZ,0.699999988
21,m3,VWQJN,0.200000003
21,m3,VWTHZ,0.050000001
21,m3,WOZHY,0.01
21,m3,WSKMW,0.200000003
21,m3,WTZSC,0.400000006
21,m3,WVBUA,0.100000001
21,m3,XCRTP,0.300000012
21,m3,XYJIX,0.050000001
21,m3,YEXRD,0.050000001
21,m3,YGDVU,0.07
21,m3,YHEMK,0.200000003
21,m3,YHGBZ,0.200000003
21,m3,YIPBA,0.649999976
21,m3,YSSFZ,0.050000001
21,m3,ZCZJN,0.100000001
21,m3,ZDOYC,0.300000012